文件名,预测类别,置信度,Top2差距,分歧度,风险等级,Top1,Top2,Top3,审核结果,备注
saltandpepper_Screen Shot 2018-06-07 at 2.45.18 PM.jpg,碰伤,54.4%,0.290,0.60,HIGH,碰伤,腐烂,褶皱,,
Screen Shot 2018-06-08 at 2.28.07 PM.jpg,虫伤,54.1%,0.311,0.60,HIGH,虫伤,腐烂,碰伤,,
saltandpepper_Screen Shot 2018-06-07 at 2.52.30 PM.jpg,碰伤,50.9%,0.260,0.60,HIGH,碰伤,腐烂,虫伤,,
saltandpepper_Screen Shot 2018-06-07 at 2.40.28 PM.jpg,虫伤,50.8%,0.350,0.60,HIGH,虫伤,病变,褶皱,,
vertical_flip_Screen Shot 2018-06-08 at 2.46.50 PM.jpg,褶皱,50.3%,0.267,0.60,HIGH,褶皱,腐烂,虫伤,,
r1_34_褶皱_pred_裂果.jpg,褶皱,50.0%,0.228,0.60,HIGH,褶皱,裂果,虫伤,,
Screen Shot 2018-06-07 at 2.24.02 PM.jpg,腐烂,50.0%,0.230,0.20,HIGH,腐烂,虫伤,碰伤,,
Screen Shot 2018-06-07 at 2.33.38 PM.jpg,腐烂,49.9%,0.257,0.20,HIGH,腐烂,虫伤,碰伤,,
vertical_flip_Screen Shot 2018-06-07 at 2.18.57 PM.jpg,合格,49.9%,0.286,0.20,HIGH,合格,腐烂,碰伤,,
vertical_flip_Screen Shot 2018-06-08 at 2.31.45 PM.jpg,碰伤,49.8%,0.240,0.40,HIGH,碰伤,虫伤,合格,,
Screen Shot 2018-06-08 at 2.38.33 PM.jpg,腐烂,49.7%,0.199,0.20,HIGH,腐烂,虫伤,褶皱,,
Screen Shot 2018-06-08 at 2.52.43 PM.jpg,腐烂,49.7%,0.080,0.40,HIGH,腐烂,虫伤,合格,,
vertical_flip_Screen Shot 2018-06-07 at 2.38.13 PM.jpg,黑斑,49.6%,0.219,0.40,HIGH,黑斑,合格,褶皱,,
Screen Shot 2018-06-07 at 3.01.09 PM.jpg,碰伤,49.6%,0.026,0.40,HIGH,碰伤,腐烂,褶皱,,
saltandpepper_Screen Shot 2018-06-08 at 2.37.19 PM.jpg,虫伤,49.6%,0.195,0.40,HIGH,虫伤,碰伤,腐烂,,
vertical_flip_Screen Shot 2018-06-08 at 2.41.16 PM.jpg,裂果,49.5%,0.269,0.60,HIGH,裂果,碰伤,腐烂,,
Screen Shot 2018-06-08 at 2.51.28 PM.jpg,腐烂,49.3%,0.088,0.40,HIGH,腐烂,虫伤,褶皱,,
vertical_flip_Screen Shot 2018-06-08 at 2.35.03 PM.jpg,虫伤,49.2%,0.325,0.40,HIGH,虫伤,裂果,碰伤,,
saltandpepper_Screen Shot 2018-06-08 at 2.33.04 PM.jpg,虫伤,49.1%,0.309,0.60,HIGH,虫伤,病变,裂果,,
saltandpepper_Screen Shot 2018-06-08 at 2.47.30 PM.jpg,碰伤,49.0%,0.166,0.20,HIGH,碰伤,虫伤,腐烂,,
Screen Shot 2018-06-07 at 2.44.36 PM.jpg,褶皱,48.9%,0.060,0.40,HIGH,褶皱,腐烂,碰伤,,
vertical_flip_Screen Shot 2018-06-07 at 2.24.02 PM.jpg,腐烂,48.9%,0.257,0.40,HIGH,腐烂,虫伤,碰伤,,
vertical_flip_Screen Shot 2018-06-08 at 2.50.22 PM.jpg,腐烂,48.8%,0.181,0.40,HIGH,腐烂,碰伤,褶皱,,
saltandpepper_Screen Shot 2018-06-08 at 2.48.15 PM.jpg,腐烂,48.7%,0.308,0.40,HIGH,腐烂,碰伤,合格,,
vertical_flip_Screen Shot 2018-06-07 at 3.05.13 PM.jpg,褶皱,48.5%,0.311,0.40,HIGH,褶皱,虫伤,病变,,
saltandpepper_Screen Shot 2018-06-08 at 2.29.20 PM.jpg,虫伤,48.5%,0.050,0.40,HIGH,虫伤,碰伤,裂果,,
saltandpepper_Screen Shot 2018-06-07 at 2.44.36 PM.jpg,碰伤,48.4%,0.027,0.40,HIGH,碰伤,腐烂,褶皱,,
Screen Shot 2018-06-08 at 2.48.09 PM.jpg,虫伤,48.4%,0.096,0.40,HIGH,虫伤,碰伤,合格,,
Screen Shot 2018-06-08 at 2.31.16 PM.jpg,碰伤,48.2%,0.246,0.40,HIGH,碰伤,虫伤,腐烂,,
Screen Shot 2018-06-08 at 2.50.22 PM.jpg,腐烂,48.1%,0.196,0.20,HIGH,腐烂,碰伤,褶皱,,
saltandpepper_Screen Shot 2018-06-08 at 2.31.03 PM.jpg,虫伤,48.1%,0.314,0.60,HIGH,虫伤,碰伤,裂果,,
saltandpepper_Screen Shot 2018-06-07 at 2.18.57 PM.jpg,碰伤,48.0%,0.323,0.60,HIGH,碰伤,腐烂,合格,,
Screen Shot 2018-06-07 at 2.42.37 PM.jpg,褶皱,48.0%,0.224,0.40,HIGH,褶皱,合格,腐烂,,
vertical_flip_Screen Shot 2018-06-08 at 2.31.16 PM.jpg,碰伤,48.0%,0.232,0.40,HIGH,碰伤,虫伤,腐烂,,
saltandpepper_Screen Shot 2018-06-08 at 2.48.00 PM.jpg,碰伤,47.9%,0.065,0.40,HIGH,碰伤,褶皱,腐烂,,
saltandpepper_Screen Shot 2018-06-07 at 2.55.27 PM.jpg,碰伤,47.9%,0.275,0.20,HIGH,碰伤,褶皱,腐烂,,
saltandpepper_Screen Shot 2018-06-07 at 3.00.56 PM.jpg,碰伤,47.8%,0.266,0.40,HIGH,碰伤,合格,虫伤,,
Screen Shot 2018-06-08 at 2.42.30 PM.jpg,碰伤,47.7%,0.218,0.60,HIGH,碰伤,合格,腐烂,,
Screen Shot 2018-06-08 at 2.39.26 PM.jpg,虫伤,47.4%,0.113,0.40,HIGH,虫伤,腐烂,褶皱,,
saltandpepper_Screen Shot 2018-06-07 at 2.23.24 PM.jpg,虫伤,47.4%,0.280,0.40,HIGH,虫伤,合格,碰伤,,
Screen Shot 2018-06-07 at 2.52.00 PM.jpg,虫伤,47.3%,0.146,0.40,HIGH,虫伤,碰伤,腐烂,,
saltandpepper_Screen Shot 2018-06-07 at 2.42.37 PM.jpg,腐烂,47.2%,0.205,0.60,HIGH,腐烂,褶皱,碰伤,,
saltandpepper_Screen Shot 2018-06-07 at 3.06.22 PM.jpg,腐烂,47.2%,0.006,0.40,HIGH,腐烂,碰伤,虫伤,,
vertical_flip_Screen Shot 2018-06-08 at 2.38.54 PM.jpg,虫伤,47.1%,0.091,0.60,HIGH,虫伤,腐烂,碰伤,,
Screen Shot 2018-06-07 at 2.59.23 PM.jpg,虫伤,46.9%,0.286,0.60,HIGH,虫伤,褶皱,病变,,
Screen Shot 2018-06-07 at 3.03.38 PM.jpg,碰伤,46.8%,0.234,0.40,HIGH,碰伤,虫伤,合格,,
vertical_flip_Screen Shot 2018-06-08 at 2.26.14 PM.jpg,虫伤,46.6%,0.062,0.40,HIGH,虫伤,腐烂,碰伤,,
Screen Shot 2018-06-08 at 2.26.44 PM.jpg,合格,46.6%,0.050,0.40,HIGH,合格,褶皱,腐烂,,
saltandpepper_Screen Shot 2018-06-07 at 2.20.29 PM.jpg,碰伤,46.5%,0.158,0.40,HIGH,碰伤,腐烂,虫伤,,
Screen Shot 2018-06-07 at 3.03.31 PM.jpg,褶皱,46.5%,0.137,0.60,HIGH,褶皱,虫伤,合格,,
vertical_flip_Screen Shot 2018-06-08 at 2.41.54 PM.jpg,碰伤,46.5%,0.329,0.60,HIGH,碰伤,褶皱,合格,,
Screen Shot 2018-06-08 at 2.31.08 PM.jpg,碰伤,46.4%,0.175,0.40,HIGH,碰伤,虫伤,合格,,
saltandpepper_Screen Shot 2018-06-08 at 2.52.43 PM.jpg,虫伤,46.4%,0.042,0.40,HIGH,虫伤,腐烂,碰伤,,
Screen Shot 2018-06-08 at 2.26.09 PM.jpg,虫伤,46.3%,0.328,0.60,HIGH,虫伤,合格,碰伤,,
Screen Shot 2018-06-08 at 2.36.43 PM.jpg,合格,46.3%,0.176,0.40,HIGH,合格,腐烂,虫伤,,
vertical_flip_Screen Shot 2018-06-07 at 2.19.15 PM.jpg,褶皱,46.1%,0.238,0.40,HIGH,褶皱,虫伤,碰伤,,
vertical_flip_Screen Shot 2018-06-07 at 2.42.18 PM.jpg,碰伤,45.8%,0.198,0.40,HIGH,碰伤,合格,虫伤,,
Screen Shot 2018-06-08 at 2.31.45 PM.jpg,碰伤,45.7%,0.122,0.40,HIGH,碰伤,虫伤,合格,,
vertical_flip_Screen Shot 2018-06-08 at 2.31.03 PM.jpg,虫伤,45.6%,0.232,0.60,HIGH,虫伤,腐烂,裂果,,
Screen Shot 2018-06-07 at 2.55.27 PM.jpg,褶皱,45.4%,0.275,0.60,HIGH,褶皱,黑斑,腐烂,,
vertical_flip_Screen Shot 2018-06-07 at 3.03.12 PM.jpg,黑斑,45.3%,0.063,0.40,HIGH,黑斑,虫伤,碰伤,,
vertical_flip_Screen Shot 2018-06-08 at 2.40.38 PM.jpg,虫伤,45.1%,0.097,0.40,HIGH,虫伤,褶皱,腐烂,,
Screen Shot 2018-06-08 at 2.32.42 PM.jpg,虫伤,45.1%,0.224,0.40,HIGH,虫伤,褶皱,腐烂,,
vertical_flip_Screen Shot 2018-06-07 at 2.17.25 PM.jpg,褶皱,45.1%,0.158,0.60,HIGH,褶皱,虫伤,腐烂,,
Screen Shot 2018-06-07 at 3.05.29 PM.jpg,虫伤,44.9%,0.265,0.60,HIGH,虫伤,腐烂,褶皱,,
Screen Shot 2018-06-07 at 3.04.47 PM.jpg,腐烂,44.8%,0.143,0.40,HIGH,腐烂,虫伤,褶皱,,
Screen Shot 2018-06-08 at 2.31.03 PM.jpg,虫伤,44.8%,0.228,0.60,HIGH,虫伤,裂果,腐烂,,
saltandpepper_Screen Shot 2018-06-08 at 2.25.17 PM.jpg,褶皱,44.6%,0.242,0.40,HIGH,褶皱,碰伤,虫伤,,
vertical_flip_Screen Shot 2018-06-07 at 3.05.38 PM.jpg,虫伤,44.5%,0.123,0.40,HIGH,虫伤,碰伤,腐烂,,
vertical_flip_Screen Shot 2018-06-08 at 2.35.32 PM.jpg,碰伤,44.5%,0.098,0.60,HIGH,碰伤,虫伤,腐烂,,
Screen Shot 2018-06-07 at 2.46.32 PM.jpg,碰伤,44.5%,0.007,0.40,HIGH,碰伤,合格,虫伤,,
Screen Shot 2018-06-07 at 2.47.20 PM.jpg,褶皱,44.2%,0.164,0.60,HIGH,褶皱,腐烂,病变,,
saltandpepper_Screen Shot 2018-06-08 at 2.37.24 PM.jpg,碰伤,44.2%,0.058,0.40,HIGH,碰伤,合格,黑斑,,
vertical_flip_Screen Shot 2018-06-07 at 2.42.37 PM.jpg,褶皱,44.1%,0.114,0.60,HIGH,褶皱,腐烂,合格,,
vertical_flip_Screen Shot 2018-06-08 at 2.38.08 PM.jpg,腐烂,43.9%,0.272,0.60,HIGH,腐烂,碰伤,裂果,,
Screen Shot 2018-06-07 at 3.05.53 PM.jpg,合格,43.7%,0.132,0.60,HIGH,合格,碰伤,腐烂,,
Screen Shot 2018-06-07 at 2.18.57 PM.jpg,合格,43.7%,0.174,0.40,HIGH,合格,腐烂,裂果,,
vertical_flip_Screen Shot 2018-06-08 at 2.37.53 PM.jpg,虫伤,43.6%,0.062,0.40,HIGH,虫伤,腐烂,褶皱,,
vertical_flip_Screen Shot 2018-06-08 at 2.49.27 PM.jpg,碰伤,43.6%,0.042,0.60,HIGH,碰伤,腐烂,合格,,
saltandpepper_Screen Shot 2018-06-08 at 2.40.38 PM.jpg,褶皱,43.6%,0.164,0.40,HIGH,褶皱,虫伤,腐烂,,
Screen Shot 2018-06-07 at 3.04.58 PM.jpg,虫伤,43.5%,0.305,0.60,HIGH,虫伤,合格,褶皱,,
Screen Shot 2018-06-07 at 2.50.43 PM.jpg,碰伤,43.3%,0.132,0.40,HIGH,碰伤,虫伤,合格,,
vertical_flip_Screen Shot 2018-06-07 at 2.44.36 PM.jpg,褶皱,43.3%,0.116,0.40,HIGH,褶皱,碰伤,腐烂,,
Screen Shot 2018-06-08 at 2.30.45 PM.jpg,虫伤,43.0%,0.158,0.40,HIGH,虫伤,腐烂,裂果,,
saltandpepper_Screen Shot 2018-06-07 at 2.56.34 PM.jpg,虫伤,42.9%,0.169,0.60,HIGH,虫伤,碰伤,腐烂,,
vertical_flip_Screen Shot 2018-06-08 at 2.48.09 PM.jpg,碰伤,42.8%,0.013,0.40,HIGH,碰伤,虫伤,裂果,,
Screen Shot 2018-06-07 at 2.38.04 PM.jpg,碰伤,42.7%,0.237,0.60,HIGH,碰伤,褶皱,腐烂,,
vertical_flip_Screen Shot 2018-06-07 at 2.40.48 PM.jpg,虫伤,42.6%,0.072,0.40,HIGH,虫伤,腐烂,碰伤,,
saltandpepper_Screen Shot 2018-06-08 at 2.41.16 PM.jpg,碰伤,42.6%,0.101,0.40,HIGH,碰伤,裂果,腐烂,,
vertical_flip_Screen Shot 2018-06-08 at 2.32.42 PM.jpg,虫伤,42.6%,0.203,0.60,HIGH,虫伤,褶皱,裂果,,
Screen Shot 2018-06-08 at 2.47.30 PM.jpg,虫伤,42.6%,0.093,0.60,HIGH,虫伤,腐烂,碰伤,,
Screen Shot 2018-06-08 at 2.29.10 PM.jpg,碰伤,42.6%,0.234,0.60,HIGH,碰伤,褶皱,虫伤,,
Screen Shot 2018-06-07 at 2.19.15 PM.jpg,褶皱,42.5%,0.185,0.40,HIGH,褶皱,虫伤,碰伤,,
Screen Shot 2018-06-07 at 2.59.52 PM.jpg,腐烂,42.5%,0.001,0.40,HIGH,腐烂,虫伤,合格,,
Screen Shot 2018-06-08 at 2.52.57 PM.jpg,虫伤,42.5%,0.098,0.60,HIGH,虫伤,碰伤,腐烂,,
saltandpepper_Screen Shot 2018-06-08 at 2.45.05 PM.jpg,褶皱,42.4%,0.265,0.60,HIGH,褶皱,虫伤,病变,,
vertical_flip_Screen Shot 2018-06-07 at 2.44.26 PM.jpg,碰伤,42.4%,0.294,0.60,HIGH,碰伤,黑斑,褶皱,,
saltandpepper_Screen Shot 2018-06-07 at 2.22.39 PM.jpg,腐烂,42.2%,0.132,0.40,HIGH,腐烂,碰伤,虫伤,,
Screen Shot 2018-06-07 at 2.45.18 PM.jpg,褶皱,42.1%,0.130,0.60,HIGH,褶皱,腐烂,虫伤,,
saltandpepper_Screen Shot 2018-06-07 at 3.17.32 PM.jpg,褶皱,42.0%,0.219,0.60,HIGH,褶皱,腐烂,碰伤,,
vertical_flip_Screen Shot 2018-06-08 at 2.37.13 PM.jpg,病变,41.9%,0.103,0.40,HIGH,病变,褶皱,虫伤,,
Screen Shot 2018-06-07 at 2.57.49 PM.jpg,碰伤,41.8%,0.161,0.40,HIGH,碰伤,虫伤,腐烂,,
saltandpepper_Screen Shot 2018-06-07 at 2.51.37 PM.jpg,褶皱,41.7%,0.104,0.40,HIGH,褶皱,腐烂,虫伤,,
Screen Shot 2018-06-07 at 2.37.20 PM.jpg,腐烂,41.7%,0.157,0.60,HIGH,腐烂,褶皱,合格,,
vertical_flip_Screen Shot 2018-06-08 at 2.39.35 PM.jpg,虫伤,41.7%,0.251,0.60,HIGH,虫伤,腐烂,碰伤,,
Screen Shot 2018-06-08 at 2.39.21 PM.jpg,腐烂,41.7%,0.103,0.40,HIGH,腐烂,虫伤,碰伤,,
Screen Shot 2018-06-08 at 2.35.03 PM.jpg,虫伤,41.6%,0.221,0.60,HIGH,虫伤,裂果,黑斑,,
vertical_flip_Screen Shot 2018-06-07 at 2.57.49 PM.jpg,腐烂,41.5%,0.160,0.40,HIGH,腐烂,碰伤,虫伤,,
Screen Shot 2018-06-07 at 2.47.13 PM.jpg,褶皱,41.4%,0.098,0.60,HIGH,褶皱,腐烂,病变,,
saltandpepper_Screen Shot 2018-06-07 at 3.04.47 PM.jpg,腐烂,41.3%,0.180,0.20,HIGH,腐烂,虫伤,褶皱,,
Screen Shot 2018-06-07 at 2.42.58 PM.jpg,碰伤,41.3%,0.217,0.40,HIGH,碰伤,虫伤,黑斑,,
Screen Shot 2018-06-08 at 2.24.31 PM.jpg,腐烂,41.1%,0.219,0.40,HIGH,腐烂,碰伤,裂果,,
vertical_flip_Screen Shot 2018-06-08 at 2.25.04 PM.jpg,腐烂,41.0%,0.073,0.60,HIGH,腐烂,虫伤,碰伤,,
Screen Shot 2018-06-07 at 2.38.13 PM.jpg,黑斑,40.8%,0.072,0.60,HIGH,黑斑,合格,碰伤,,
vertical_flip_Screen Shot 2018-06-07 at 2.50.43 PM.jpg,碰伤,40.8%,0.056,0.40,HIGH,碰伤,虫伤,合格,,
Screen Shot 2018-06-07 at 2.56.57 PM.jpg,碰伤,40.8%,0.243,0.60,HIGH,碰伤,褶皱,裂果,,
vertical_flip_Screen Shot 2018-06-07 at 2.51.37 PM.jpg,腐烂,40.7%,0.059,0.40,HIGH,腐烂,褶皱,虫伤,,
vertical_flip_Screen Shot 2018-06-08 at 2.40.56 PM.jpg,虫伤,40.7%,0.106,0.60,HIGH,虫伤,褶皱,腐烂,,
vertical_flip_Screen Shot 2018-06-07 at 2.50.52 PM.jpg,碰伤,40.7%,0.104,0.60,HIGH,碰伤,虫伤,合格,,
Screen Shot 2018-06-08 at 2.28.42 PM.jpg,腐烂,40.6%,0.007,0.40,HIGH,腐烂,虫伤,碰伤,,
vertical_flip_Screen Shot 2018-06-07 at 2.38.04 PM.jpg,碰伤,40.5%,0.200,0.40,HIGH,碰伤,褶皱,腐烂,,
saltandpepper_Screen Shot 2018-06-07 at 2.17.25 PM.jpg,褶皱,40.3%,0.090,0.60,HIGH,褶皱,碰伤,虫伤,,
Screen Shot 2018-06-08 at 2.30.31 PM.jpg,虫伤,40.3%,0.193,0.40,HIGH,虫伤,碰伤,腐烂,,
saltandpepper_Screen Shot 2018-06-08 at 2.43.29 PM.jpg,虫伤,40.3%,0.142,0.40,HIGH,虫伤,合格,褶皱,,
Screen Shot 2018-06-08 at 2.40.38 PM.jpg,虫伤,40.2%,0.025,0.40,HIGH,虫伤,褶皱,腐烂,,
Screen Shot 2018-06-07 at 2.40.48 PM.jpg,虫伤,40.2%,0.114,0.60,HIGH,虫伤,腐烂,碰伤,,
vertical_flip_Screen Shot 2018-06-07 at 2.38.28 PM.jpg,黑斑,40.2%,0.096,0.60,HIGH,黑斑,合格,碰伤,,
vertical_flip_Screen Shot 2018-06-07 at 2.52.00 PM.jpg,碰伤,40.0%,0.001,0.40,HIGH,碰伤,虫伤,合格,,
Screen Shot 2018-06-08 at 2.49.27 PM.jpg,碰伤,39.8%,0.017,0.40,HIGH,碰伤,腐烂,合格,,
vertical_flip_Screen Shot 2018-06-08 at 2.39.21 PM.jpg,腐烂,39.7%,0.025,0.40,HIGH,腐烂,虫伤,碰伤,,
Screen Shot 2018-06-08 at 2.41.16 PM.jpg,裂果,39.7%,0.065,0.60,HIGH,裂果,碰伤,腐烂,,
vertical_flip_Screen Shot 2018-06-08 at 2.47.30 PM.jpg,虫伤,39.6%,0.111,0.60,HIGH,虫伤,腐烂,碰伤,,
vertical_flip_Screen Shot 2018-06-08 at 2.52.05 PM.jpg,腐烂,39.6%,0.113,0.40,HIGH,腐烂,虫伤,碰伤,,
saltandpepper_Screen Shot 2018-06-08 at 2.28.00 PM.jpg,虫伤,39.5%,0.116,0.60,HIGH,虫伤,碰伤,腐烂,,
saltandpepper_Screen Shot 2018-06-08 at 2.40.46 PM.jpg,黑斑,39.5%,0.018,0.40,HIGH,黑斑,碰伤,腐烂,,
Screen Shot 2018-06-08 at 2.30.51 PM.jpg,裂果,39.4%,0.178,0.60,HIGH,裂果,碰伤,褶皱,,
vertical_flip_Screen Shot 2018-06-08 at 2.36.43 PM.jpg,合格,39.4%,0.129,0.40,HIGH,合格,腐烂,虫伤,,
vertical_flip_Screen Shot 2018-06-08 at 2_腐烂_pred_碰伤.jpg,合格,39.4%,0.129,0.40,HIGH,合格,腐烂,虫伤,,
vertical_flip_Screen Shot 2018-06-08 at 2.26.09 PM.jpg,虫伤,39.3%,0.247,0.60,HIGH,虫伤,合格,褶皱,,
saltandpepper_Screen Shot 2018-06-08 at 2.28.42 PM.jpg,腐烂,39.2%,0.074,0.60,HIGH,腐烂,虫伤,碰伤,,
vertical_flip_Screen Shot 2018-06-07 at 3.05.29 PM.jpg,虫伤,39.2%,0.198,0.60,HIGH,虫伤,褶皱,腐烂,,
vertical_flip_Screen Shot 2018-06-07 at 2.20.34 PM.jpg,褶皱,38.7%,0.105,0.40,HIGH,褶皱,碰伤,虫伤,,
Screen Shot 2018-06-07 at 2.20.34 PM.jpg,褶皱,38.6%,0.188,0.40,HIGH,褶皱,碰伤,虫伤,,
Screen Shot 2018-06-07 at 2.58.47 PM.jpg,碰伤,38.4%,0.194,0.60,HIGH,碰伤,褶皱,合格,,
Screen Shot 2018-06-07 at 2.42.18 PM.jpg,碰伤,38.2%,0.084,0.60,HIGH,碰伤,虫伤,褶皱,,
vertical_flip_Screen Shot 2018-06-07 at 2.40.55 PM.jpg,碰伤,38.2%,0.108,0.60,HIGH,碰伤,腐烂,合格,,
vertical_flip_Screen Shot 2018-06-08 at 2.28.23 PM.jpg,碰伤,38.2%,0.142,0.60,HIGH,碰伤,腐烂,裂果,,
Screen Shot 2018-06-07 at 2.37.11 PM.jpg,腐烂,37.9%,0.032,0.60,HIGH,腐烂,合格,褶皱,,
vertical_flip_Screen Shot 2018-06-07 at 3.05.53 PM.jpg,合格,37.9%,0.068,0.20,HIGH,合格,碰伤,腐烂,,
saltandpepper_Screen Shot 2018-06-07 at 2.53.20 PM.jpg,虫伤,37.8%,0.164,0.60,HIGH,虫伤,腐烂,裂果,,
saltandpepper_Screen Shot 2018-06-07 at 3.03.31 PM.jpg,褶皱,37.7%,0.108,0.40,HIGH,褶皱,虫伤,合格,,
vertical_flip_Screen Shot 2018-06-07 at 2.54.08 PM.jpg,虫伤,37.7%,0.138,0.60,HIGH,虫伤,碰伤,裂果,,
vertical_flip_Screen Shot 2018-06-07 at 3.01.38 PM.jpg,褶皱,37.7%,0.077,0.60,HIGH,褶皱,腐烂,裂果,,
saltandpepper_Screen Shot 2018-06-07 at 3.17.25 PM.jpg,碰伤,37.5%,0.120,0.60,HIGH,碰伤,合格,虫伤,,
Screen Shot 2018-06-08 at 2.33.28 PM.jpg,褶皱,37.5%,0.050,0.60,HIGH,褶皱,虫伤,碰伤,,
vertical_flip_Screen Shot 2018-06-08 at 2.45.05 PM.jpg,褶皱,37.4%,0.122,0.60,HIGH,褶皱,虫伤,病变,,
Screen Shot 2018-06-08 at 2.52.05 PM.jpg,虫伤,37.4%,0.053,0.60,HIGH,虫伤,腐烂,碰伤,,
saltandpepper_Screen Shot 2018-06-08 at 2.23.40 PM.jpg,褶皱,37.3%,0.135,0.60,HIGH,褶皱,碰伤,虫伤,,
vertical_flip_Screen Shot 2018-06-07 at 3.01.21 PM.jpg,虫伤,37.3%,0.120,0.60,HIGH,虫伤,腐烂,褶皱,,
saltandpepper_Screen Shot 2018-06-07 at 2.47.27 PM.jpg,虫伤,37.3%,0.069,0.60,HIGH,虫伤,碰伤,褶皱,,
saltandpepper_Screen Shot 2018-06-07 at 2.33.38 PM.jpg,碰伤,37.2%,0.084,0.40,HIGH,碰伤,腐烂,虫伤,,
saltandpepper_Screen Shot 2018-06-08 at 2.51.09 PM.jpg,碰伤,37.1%,0.097,0.60,HIGH,碰伤,褶皱,腐烂,,
Screen Shot 2018-06-07 at 2.51.37 PM.jpg,腐烂,37.1%,0.037,0.60,HIGH,腐烂,褶皱,虫伤,,
saltandpepper_Screen Shot 2018-06-07 at 3.04.35 PM.jpg,病变,36.8%,0.129,0.60,HIGH,病变,腐烂,虫伤,,
vertical_flip_Screen Shot 2018-06-08 at 2.24.15 PM.jpg,碰伤,36.6%,0.016,0.60,HIGH,碰伤,褶皱,腐烂,,
saltandpepper_Screen Shot 2018-06-08 at 2.36.23 PM.jpg,腐烂,36.5%,0.040,0.40,HIGH,腐烂,碰伤,虫伤,,
Screen Shot 2018-06-08 at 2.40.56 PM.jpg,褶皱,36.5%,0.039,0.60,HIGH,褶皱,腐烂,虫伤,,
Screen Shot 2018-06-08 at 2.30.03 PM.jpg,虫伤,36.4%,0.178,0.60,HIGH,虫伤,裂果,腐烂,,
Screen Shot 2018-06-08 at 2.30.26 PM.jpg,裂果,36.3%,0.151,0.60,HIGH,裂果,合格,褶皱,,
Screen Shot 2018-06-07 at 3.01.38 PM.jpg,腐烂,36.2%,0.005,0.60,HIGH,腐烂,褶皱,裂果,,
Screen Shot 2018-06-08 at 2.24.15 PM.jpg,褶皱,36.0%,0.144,0.60,HIGH,褶皱,腐烂,碰伤,,
Screen Shot 2018-06-08 at 2.45.05 PM.jpg,褶皱,35.9%,0.089,0.60,HIGH,褶皱,虫伤,病变,,
saltandpepper_Screen Shot 2018-06-07 at 2.47.20 PM.jpg,褶皱,35.9%,0.096,0.60,HIGH,褶皱,碰伤,腐烂,,
Screen Shot 2018-06-07 at 2.43.07 PM.jpg,碰伤,35.8%,0.024,0.60,HIGH,碰伤,虫伤,腐烂,,
saltandpepper_Screen Shot 2018-06-08 at 2.36.31 PM.jpg,碰伤,35.6%,0.082,0.40,HIGH,碰伤,腐烂,虫伤,,
Screen Shot 2018-06-07 at 3.04.35 PM.jpg,腐烂,35.6%,0.059,0.60,HIGH,腐烂,病变,虫伤,,
vertical_flip_Screen Shot 2018-06-07 at 2.37.20 PM.jpg,腐烂,35.5%,0.049,0.60,HIGH,腐烂,褶皱,合格,,
vertical_flip_Screen Shot 2018-06-07 at 2.37.11 PM.jpg,合格,35.5%,0.034,0.60,HIGH,合格,褶皱,腐烂,,
Screen Shot 2018-06-07 at 3.01.21 PM.jpg,虫伤,35.4%,0.058,0.40,HIGH,虫伤,腐烂,褶皱,,
vertical_flip_Screen Shot 2018-06-08 at 2.42.06 PM.jpg,腐烂,35.3%,0.125,0.40,HIGH,腐烂,褶皱,裂果,,
vertical_flip_Screen Shot 2018-06-08 at 2.44.54 PM.jpg,虫伤,35.2%,0.013,0.60,HIGH,虫伤,腐烂,褶皱,,
saltandpepper_Screen Shot 2018-06-08 at 2.42.52 PM.jpg,腐烂,35.2%,0.109,0.40,HIGH,腐烂,碰伤,褶皱,,
saltandpepper_Screen Shot 2018-06-07 at 3.01.21 PM.jpg,腐烂,35.1%,0.079,0.60,HIGH,腐烂,虫伤,碰伤,,
saltandpepper_Screen Shot 2018-06-08 at 2.23.48 PM.jpg,碰伤,35.0%,0.095,0.60,HIGH,碰伤,合格,虫伤,,
saltandpepper_Screen Shot 2018-06-08 at 2.52.05 PM.jpg,虫伤,35.0%,0.054,0.60,HIGH,虫伤,碰伤,腐烂,,
Screen Shot 2018-06-07 at 2.20.04 PM.jpg,碰伤,35.0%,0.199,0.60,HIGH,碰伤,病变,裂果,,
vertical_flip_Screen Shot 2018-06-08 at 2.30.31 PM.jpg,虫伤,34.9%,0.114,0.40,HIGH,虫伤,碰伤,腐烂,,
saltandpepper_Screen Shot 2018-06-08 at 2.42.06 PM.jpg,碰伤,34.8%,0.014,0.60,HIGH,碰伤,腐烂,裂果,,
saltandpepper_Screen Shot 2018-06-07 at 2.47.13 PM.jpg,褶皱,34.8%,0.073,0.60,HIGH,褶皱,腐烂,病变,,
Screen Shot 2018-06-08 at 2.41.54 PM.jpg,碰伤,34.5%,0.142,0.60,HIGH,碰伤,合格,裂果,,
saltandpepper_Screen Shot 2018-06-08 at 2.30.03 PM.jpg,虫伤,34.4%,0.126,0.60,HIGH,虫伤,碰伤,裂果,,
saltandpepper_Screen Shot 2018-06-08 at 2.21.33 PM.jpg,碰伤,34.2%,0.084,0.60,HIGH,碰伤,合格,虫伤,,
saltandpepper_Screen Shot 2018-06-08 at 2.37.13 PM.jpg,病变,33.9%,0.059,0.60,HIGH,病变,褶皱,虫伤,,
vertical_flip_Screen Shot 2018-06-08 at 2.30.51 PM.jpg,裂果,33.8%,0.011,0.60,HIGH,裂果,碰伤,合格,,
Screen Shot 2018-06-07 at 2.58.30 PM.jpg,碰伤,33.7%,0.112,0.60,HIGH,碰伤,黑斑,腐烂,,
saltandpepper_Screen Shot 2018-06-08 at 2.39.35 PM.jpg,碰伤,33.7%,0.091,0.60,HIGH,碰伤,腐烂,虫伤,,
Screen Shot 2018-06-07 at 2.54.08 PM.jpg,虫伤,33.5%,0.089,0.60,HIGH,虫伤,碰伤,裂果,,
saltandpepper_Screen Shot 2018-06-07 at 3.00.46 PM.jpg,裂果,33.5%,0.009,0.60,HIGH,裂果,碰伤,虫伤,,
saltandpepper_Screen Shot 2018-06-08 at 2.51.55 PM.jpg,褶皱,33.5%,0.091,0.60,HIGH,褶皱,碰伤,黑斑,,
Screen Shot 2018-06-07 at 2.53.33 PM.jpg,黑斑,33.3%,0.115,0.40,HIGH,黑斑,裂果,腐烂,,
Screen Shot 2018-06-08 at 2.51.09 PM.jpg,褶皱,33.2%,0.149,0.40,HIGH,褶皱,合格,腐烂,,
saltandpepper_Screen Shot 2018-06-08 at 2.25.43 PM.jpg,褶皱,33.0%,0.104,0.40,HIGH,褶皱,合格,虫伤,,
Screen Shot 2018-06-08 at 2.29.33 PM.jpg,碰伤,32.9%,0.080,0.60,HIGH,碰伤,褶皱,裂果,,
vertical_flip_Screen Shot 2018-06-08 at 2.36.23 PM.jpg,腐烂,32.9%,0.151,0.40,HIGH,腐烂,碰伤,褶皱,,
saltandpepper_Screen Shot 2018-06-07 at 3.04.58 PM.jpg,虫伤,32.8%,0.094,0.60,HIGH,虫伤,碰伤,黑斑,,
Screen Shot 2018-06-07 at 2.53.20 PM.jpg,虫伤,32.7%,0.073,0.60,HIGH,虫伤,裂果,腐烂,,
saltandpepper_Screen Shot 2018-06-07 at 2.42.25 PM.jpg,合格,32.5%,0.077,0.60,HIGH,合格,碰伤,褶皱,,
vertical_flip_Screen Shot 2018-06-08 at 2.51.09 PM.jpg,褶皱,32.5%,0.094,0.60,HIGH,褶皱,腐烂,合格,,
Screen Shot 2018-06-08 at 2.39.35 PM.jpg,虫伤,32.3%,0.082,0.60,HIGH,虫伤,腐烂,碰伤,,
Screen Shot 2018-06-08 at 2.28.23 PM.jpg,腐烂,32.3%,0.021,0.40,HIGH,腐烂,碰伤,合格,,
vertical_flip_Screen Shot 2018-06-07 at 3.03.38 PM.jpg,腐烂,32.0%,0.097,0.40,HIGH,腐烂,虫伤,碰伤,,
vertical_flip_Screen Shot 2018-06-07 at 3.04.35 PM.jpg,病变,31.9%,0.036,0.60,HIGH,病变,腐烂,虫伤,,
vertical_flip_Screen Shot 2018-06-07 at 3.17.25 PM.jpg,褶皱,31.9%,0.022,0.60,HIGH,褶皱,合格,虫伤,,
saltandpepper_Screen Shot 2018-06-08 at 2.27.15 PM.jpg,褶皱,31.8%,0.078,0.40,HIGH,褶皱,合格,碰伤,,
Screen Shot 2018-06-08 at 2.44.54 PM.jpg,虫伤,31.8%,0.012,0.60,HIGH,虫伤,腐烂,褶皱,,
saltandpepper_Screen Shot 2018-06-07 at 2.41.32 PM.jpg,合格,31.8%,0.002,0.60,HIGH,合格,碰伤,褶皱,,
Screen Shot 2018-06-07 at 2.16.54 PM.jpg,虫伤,31.7%,0.160,0.60,HIGH,虫伤,碰伤,裂果,,
Screen Shot 2018-06-07 at 2_虫伤_pred_褶皱.jpg,虫伤,31.7%,0.160,0.60,HIGH,虫伤,碰伤,裂果,,
vertical_flip_Screen Shot 2018-06-07 at 2.42.58 PM.jpg,碰伤,31.5%,0.032,0.60,HIGH,碰伤,黑斑,虫伤,,
Screen Shot 2018-06-07 at 3.03.21 PM.jpg,碰伤,31.1%,0.136,0.60,HIGH,碰伤,裂果,虫伤,,
saltandpepper_Screen Shot 2018-06-08 at 2.36.43 PM.jpg,碰伤,31.0%,0.002,0.40,HIGH,碰伤,合格,虫伤,,
Screen Shot 2018-06-07 at 2.58.57 PM.jpg,腐烂,30.8%,0.021,0.60,HIGH,腐烂,褶皱,虫伤,,
Screen Shot 2018-06-07 at 3.17.25 PM.jpg,合格,30.8%,0.005,0.60,HIGH,合格,褶皱,虫伤,,
Screen Shot 2018-06-08 at 2.37.13 PM.jpg,病变,30.7%,0.059,0.60,HIGH,病变,褶皱,虫伤,,
vertical_flip_Screen Shot 2018-06-08 at 2.23.48 PM.jpg,合格,30.5%,0.023,0.40,HIGH,合格,褶皱,虫伤,,
vertical_flip_Screen Shot 2018-06-07 at 2.58.30 PM.jpg,碰伤,30.3%,0.108,0.60,HIGH,碰伤,虫伤,腐烂,,
vertical_flip_Screen Shot 2018-06-08 at 2.29.33 PM.jpg,碰伤,30.3%,0.070,0.60,HIGH,碰伤,褶皱,裂果,,
vertical_flip_Screen Shot 2018-06-08 at 2.31.23 PM.jpg,虫伤,30.1%,0.069,0.60,HIGH,虫伤,碰伤,黑斑,,
vertical_flip_Screen Shot 2018-06-08 at 2.30.03 PM.jpg,虫伤,30.0%,0.114,0.60,HIGH,虫伤,裂果,腐烂,,
Screen Shot 2018-06-08 at 2.48.52 PM.jpg,褶皱,29.6%,0.031,0.60,HIGH,褶皱,裂果,碰伤,,
vertical_flip_Screen Shot 2018-06-07 at 2.20.04 PM.jpg,碰伤,29.4%,0.122,0.60,HIGH,碰伤,腐烂,病变,,
vertical_flip_Screen Shot 2018-06-08 at 2.46.25 PM.jpg,腐烂,29.4%,0.003,0.40,HIGH,腐烂,虫伤,碰伤,,
Screen Shot 2018-06-07 at 2.46.43 PM.jpg,褶皱,28.7%,0.046,0.60,HIGH,褶皱,黑斑,虫伤,,
vertical_flip_Screen Shot 2018-06-07 at 2.56.57 PM.jpg,碰伤,28.6%,0.056,0.60,HIGH,碰伤,裂果,褶皱,,
vertical_flip_Screen Shot 2018-06-07 at 2.46.43 PM.jpg,黑斑,28.6%,0.046,0.60,HIGH,黑斑,褶皱,虫伤,,
Screen Shot 2018-06-08 at 2.31.23 PM.jpg,虫伤,28.5%,0.036,0.40,HIGH,虫伤,碰伤,裂果,,
vertical_flip_Screen Shot 2018-06-08 at 2.30.26 PM.jpg,裂果,28.4%,0.080,0.40,HIGH,裂果,合格,碰伤,,
saltandpepper_Screen Shot 2018-06-07 at 2.58.57 PM.jpg,褶皱,27.8%,0.039,0.60,HIGH,褶皱,腐烂,碰伤,,
vertical_flip_Screen Shot 2018-06-08 at 2.36.31 PM.jpg,腐烂,27.4%,0.030,0.60,HIGH,腐烂,碰伤,褶皱,,
vertical_flip_Screen Shot 2018-06-08 at 2.30.40 PM.jpg,碰伤,27.0%,0.027,0.60,HIGH,碰伤,合格,虫伤,,
vertical_flip_Screen Shot 2018-06-07 at 2.43.26 PM.jpg,腐烂,26.7%,0.050,0.60,HIGH,腐烂,黑斑,虫伤,,
vertical_flip_Screen Shot 2018-06-07 at 2.16.54 PM.jpg,虫伤,26.6%,0.002,0.60,HIGH,虫伤,褶皱,碰伤,,
Screen Shot 2018-06-08 at 2.30.40 PM.jpg,合格,26.5%,0.019,0.80,HIGH,合格,虫伤,碰伤,,
vertical_flip_Screen Shot 2018-06-08 at 2.30.57 PM.jpg,虫伤,26.2%,0.008,0.60,HIGH,虫伤,碰伤,裂果,,
vertical_flip_Screen Shot 2018-06-07 at 3.03.21 PM.jpg,腐烂,26.1%,0.041,0.60,HIGH,腐烂,碰伤,虫伤,,
Screen Shot 2018-06-08 at 2.36.23 PM.jpg,虫伤,25.9%,0.017,0.60,HIGH,虫伤,腐烂,褶皱,,
vertical_flip_Screen Shot 2018-06-08 at 2.34.37 PM.jpg,腐烂,25.6%,0.036,0.60,HIGH,腐烂,黑斑,褶皱,,
saltandpepper_Screen Shot 2018-06-07 at 2.52.44 PM.jpg,虫伤,25.6%,0.004,0.60,HIGH,虫伤,褶皱,合格,,
Screen Shot 2018-06-08 at 2.36.31 PM.jpg,腐烂,24.9%,0.021,0.60,HIGH,腐烂,褶皱,虫伤,,
Screen Shot 2018-06-08 at 2.34.37 PM.jpg,褶皱,24.7%,0.004,0.60,HIGH,褶皱,腐烂,黑斑,,
Screen Shot 2018-06-08 at 2.30.57 PM.jpg,碰伤,24.4%,0.009,0.60,HIGH,碰伤,虫伤,裂果,,
saltandpepper_Screen Shot 2018-06-07 at 2.43.26 PM.jpg,虫伤,23.9%,0.070,0.60,HIGH,虫伤,黑斑,碰伤,,
vertical_flip_Screen Shot 2018-06-07 at 2.53.20 PM.jpg,虫伤,23.4%,0.038,0.80,HIGH,虫伤,碰伤,裂果,,
Screen Shot 2018-06-07 at 2.43.26 PM.jpg,黑斑,22.9%,0.011,0.60,HIGH,黑斑,虫伤,腐烂,,
saltandpepper_Screen Shot 2018-06-08 at 2.34.37 PM.jpg,黑斑,21.4%,0.025,0.80,HIGH,黑斑,腐烂,虫伤,,
Screen Shot 2018-06-07 at 2.51.45 PM.jpg,虫伤,21.1%,0.018,0.80,HIGH,虫伤,褶皱,黑斑,,
vertical_flip_Screen Shot 2018-06-08 at 2.35.37 PM.jpg,虫伤,86.1%,0.771,0.20,MEDIUM,虫伤,碰伤,腐烂,,
saltandpepper_Screen Shot 2018-06-07 at 2.37.01 PM.jpg,褶皱,85.9%,0.791,0.20,MEDIUM,褶皱,腐烂,碰伤,,
vertical_flip_Screen Shot 2018-06-07 at 2.36.21 PM.jpg,褶皱,85.8%,0.762,0.20,MEDIUM,褶皱,腐烂,黑斑,,
Screen Shot 2018-06-07 at 2.47.35 PM.jpg,褶皱,84.7%,0.738,0.20,MEDIUM,褶皱,腐烂,虫伤,,
saltandpepper_Screen Shot 2018-06-07 at 2.51.01 PM.jpg,褶皱,84.4%,0.721,0.20,MEDIUM,褶皱,腐烂,碰伤,,
Screen Shot 2018-06-07 at 2.19.46 PM.jpg,碰伤,84.4%,0.744,0.20,MEDIUM,碰伤,合格,虫伤,,
vertical_flip_Screen Shot 2018-06-07 at 2.47.35 PM.jpg,褶皱,83.6%,0.731,0.20,MEDIUM,褶皱,腐烂,虫伤,,
vertical_flip_Screen Shot 2018-06-07 at 2.43.34 PM.jpg,虫伤,83.4%,0.765,0.20,MEDIUM,虫伤,碰伤,腐烂,,
vertical_flip_Screen Shot 2018-06-07 at 2.24.59 PM.jpg,褶皱,82.8%,0.714,0.20,MEDIUM,褶皱,虫伤,碰伤,,
Screen Shot 2018-06-08 at 2.46.44 PM.jpg,碰伤,82.2%,0.733,0.20,MEDIUM,碰伤,合格,虫伤,,
vertical_flip_Screen Shot 2018-06-07 at 2.57.42 PM.jpg,虫伤,81.9%,0.732,0.20,MEDIUM,虫伤,碰伤,腐烂,,
Screen Shot 2018-06-07 at 2.57.42 PM.jpg,虫伤,81.7%,0.742,0.20,MEDIUM,虫伤,腐烂,碰伤,,
Screen Shot 2018-06-07 at 2.18.25 PM.jpg,褶皱,81.2%,0.692,0.20,MEDIUM,褶皱,合格,虫伤,,
Screen Shot 2018-06-07 at 2.24.47 PM.jpg,黑斑,81.1%,0.739,0.20,MEDIUM,黑斑,合格,褶皱,,
saltandpepper_Screen Shot 2018-06-07 at 2.43.13 PM.jpg,碰伤,81.0%,0.730,0.20,MEDIUM,碰伤,裂果,黑斑,,
Screen Shot 2018-06-08 at 2.42.22 PM.jpg,褶皱,81.0%,0.651,0.20,MEDIUM,褶皱,腐烂,虫伤,,
Screen Shot 2018-06-08 at 2.26.55 PM.jpg,碰伤,80.3%,0.668,0.20,MEDIUM,碰伤,褶皱,合格,,
saltandpepper_Screen Shot 2018-06-07 at 2.24.47 PM.jpg,黑斑,79.9%,0.748,0.20,MEDIUM,黑斑,碰伤,合格,,
vertical_flip_Screen Shot 2018-06-07 at 2.44.05 PM.jpg,虫伤,79.8%,0.611,0.20,MEDIUM,虫伤,裂果,腐烂,,
saltandpepper_Screen Shot 2018-06-07 at 2.42.18 PM.jpg,碰伤,79.5%,0.663,0.20,MEDIUM,碰伤,虫伤,裂果,,
Screen Shot 2018-06-07 at 2.44.26 PM.jpg,碰伤,79.2%,0.640,0.20,MEDIUM,碰伤,褶皱,腐烂,,
saltandpepper_Screen Shot 2018-06-07 at 3.06.51 PM.jpg,褶皱,79.2%,0.669,0.20,MEDIUM,褶皱,碰伤,腐烂,,
Screen Shot 2018-06-07 at 3.02.18 PM.jpg,碰伤,79.1%,0.713,0.20,MEDIUM,碰伤,腐烂,虫伤,,
Screen Shot 2018-06-07 at 2.47.50 PM.jpg,褶皱,79.0%,0.672,0.20,MEDIUM,褶皱,腐烂,虫伤,,
saltandpepper_Screen Shot 2018-06-08 at 2.42.38 PM.jpg,碰伤,78.8%,0.623,0.20,MEDIUM,碰伤,虫伤,腐烂,,
r1_78.jpg,裂果,78.7%,0.608,0.20,MEDIUM,裂果,褶皱,碰伤,,
Screen Shot 2018-06-07 at 2.24.59 PM.jpg,褶皱,78.6%,0.604,0.20,MEDIUM,褶皱,虫伤,碰伤,,
saltandpepper_Screen Shot 2018-06-08 at 2.30.57 PM.jpg,碰伤,78.1%,0.690,0.20,MEDIUM,碰伤,虫伤,黑斑,,
vertical_flip_Screen Shot 2018-06-07 at 2.23.51 PM.jpg,虫伤,77.8%,0.643,0.20,MEDIUM,虫伤,合格,黑斑,,
Screen Shot 2018-06-08 at 2.50.55 PM.jpg,腐烂,77.6%,0.582,0.20,MEDIUM,腐烂,碰伤,虫伤,,
Screen Shot 2018-06-08 at 2.40.30 PM.jpg,虫伤,77.5%,0.726,0.20,MEDIUM,虫伤,碰伤,合格,,
vertical_flip_Screen Shot 2018-06-08 at 2.42.58 PM.jpg,腐烂,77.2%,0.631,0.20,MEDIUM,腐烂,碰伤,虫伤,,
Screen Shot 2018-06-07 at 3.06.22 PM.jpg,腐烂,77.0%,0.605,0.20,MEDIUM,腐烂,碰伤,褶皱,,
vertical_flip_Screen Shot 2018-06-08 at 2.26.55 PM.jpg,碰伤,76.4%,0.595,0.20,MEDIUM,碰伤,褶皱,合格,,
saltandpepper_Screen Shot 2018-06-08 at 2.50.55 PM.jpg,腐烂,76.4%,0.537,0.20,MEDIUM,腐烂,碰伤,虫伤,,
Screen Shot 2018-06-08 at 2.48.00 PM.jpg,褶皱,76.2%,0.630,0.20,MEDIUM,褶皱,合格,腐烂,,
vertical_flip_Screen Shot 2018-06-07 at 2.31.59 PM.jpg,虫伤,75.2%,0.573,0.20,MEDIUM,虫伤,合格,黑斑,,
vertical_flip_Screen Shot 2018-06-07 at 2.59.38 PM.jpg,腐烂,75.0%,0.589,0.20,MEDIUM,腐烂,褶皱,虫伤,,
saltandpepper_Screen Shot 2018-06-08 at 2.31.23 PM.jpg,碰伤,74.9%,0.639,0.20,MEDIUM,碰伤,虫伤,黑斑,,
vertical_flip_Screen Shot 2018-06-07 at 3.02.18 PM.jpg,碰伤,74.8%,0.616,0.20,MEDIUM,碰伤,腐烂,虫伤,,
vertical_flip_Screen Shot 2018-06-08 at 2.29.55 PM.jpg,腐烂,74.7%,0.585,0.20,MEDIUM,腐烂,碰伤,虫伤,,
saltandpepper_Screen Shot 2018-06-08 at 2.35.32 PM.jpg,碰伤,74.6%,0.603,0.20,MEDIUM,碰伤,虫伤,裂果,,
saltandpepper_Screen Shot 2018-06-07 at 3.05.38 PM.jpg,碰伤,74.5%,0.561,0.20,MEDIUM,碰伤,虫伤,腐烂,,
saltandpepper_Screen Shot 2018-06-07 at 2.44.05 PM.jpg,虫伤,74.5%,0.542,0.20,MEDIUM,虫伤,裂果,碰伤,,
saltandpepper_Screen Shot 2018-06-08 at 2.31.08 PM.jpg,碰伤,74.5%,0.534,0.20,MEDIUM,碰伤,虫伤,腐烂,,
vertical_flip_Screen Shot 2018-06-08 at 2.39.02 PM.jpg,腐烂,74.5%,0.597,0.20,MEDIUM,腐烂,褶皱,虫伤,,
vertical_flip_Screen Shot 2018-06-07 at 3.06.06 PM.jpg,腐烂,74.5%,0.647,0.20,MEDIUM,腐烂,碰伤,合格,,
Screen Shot 2018-06-08 at 2.42.38 PM.jpg,碰伤,74.1%,0.575,0.20,MEDIUM,碰伤,虫伤,腐烂,,
Screen Shot 2018-06-08 at 2.40.46 PM.jpg,黑斑,74.1%,0.620,0.20,MEDIUM,黑斑,碰伤,腐烂,,
Screen Shot 2018-06-08 at 2.29.55 PM.jpg,腐烂,74.1%,0.605,0.20,MEDIUM,腐烂,碰伤,虫伤,,
vertical_flip_Screen Shot 2018-06-08 at 2.40.30 PM.jpg,虫伤,74.0%,0.685,0.20,MEDIUM,虫伤,碰伤,腐烂,,
Screen Shot 2018-06-07 at 2.24.35 PM.jpg,碰伤,73.5%,0.582,0.20,MEDIUM,碰伤,合格,虫伤,,
saltandpepper_Screen Shot 2018-06-08 at 2.35.10 PM.jpg,碰伤,73.4%,0.499,0.20,MEDIUM,碰伤,虫伤,腐烂,,
Screen Shot 2018-06-07 at 2.34.18 PM.jpg,碰伤,73.1%,0.585,0.20,MEDIUM,碰伤,合格,虫伤,,
Screen Shot 2018-06-07 at 3.06.06 PM.jpg,腐烂,72.9%,0.595,0.20,MEDIUM,腐烂,合格,碰伤,,
Screen Shot 2018-06-07 at 2.52.22 PM.jpg,褶皱,72.5%,0.547,0.20,MEDIUM,褶皱,虫伤,腐烂,,
saltandpepper_Screen Shot 2018-06-07 at 2.21.09 PM.jpg,褶皱,72.5%,0.640,0.20,MEDIUM,褶皱,黑斑,碰伤,,
saltandpepper_Screen Shot 2018-06-08 at 2.36.55 PM.jpg,腐烂,72.4%,0.622,0.20,MEDIUM,腐烂,碰伤,褶皱,,
vertical_flip_Screen Shot 2018-06-07 at 2.47.50 PM.jpg,褶皱,71.7%,0.559,0.20,MEDIUM,褶皱,腐烂,虫伤,,
saltandpepper_Screen Shot 2018-06-07 at 2.40.00 PM.jpg,褶皱,71.6%,0.514,0.40,MEDIUM,褶皱,合格,碰伤,,
Screen Shot 2018-06-07 at 2.38.28 PM.jpg,黑斑,71.5%,0.560,0.20,MEDIUM,黑斑,碰伤,合格,,
Screen Shot 2018-06-08 at 2.42.58 PM.jpg,腐烂,71.4%,0.509,0.20,MEDIUM,腐烂,碰伤,虫伤,,
Screen Shot 2018-06-08 at 2.46.36 PM.jpg,碰伤,71.3%,0.566,0.20,MEDIUM,碰伤,褶皱,腐烂,,
saltandpepper_Screen Shot 2018-06-07 at 3.06.06 PM.jpg,腐烂,71.2%,0.509,0.20,MEDIUM,腐烂,碰伤,裂果,,
vertical_flip_Screen Shot 2018-06-07 at 2.19.37 PM.jpg,虫伤,71.2%,0.477,0.20,MEDIUM,虫伤,褶皱,合格,,
Screen Shot 2018-06-08 at 2.27.44 PM.jpg,碰伤,71.1%,0.601,0.20,MEDIUM,碰伤,合格,褶皱,,
vertical_flip_Screen Shot 2018-06-08 at 2.47.54 PM.jpg,褶皱,71.0%,0.571,0.20,MEDIUM,褶皱,合格,腐烂,,
Screen Shot 2018-06-07 at 3.06.11 PM.jpg,碰伤,70.4%,0.511,0.20,MEDIUM,碰伤,腐烂,褶皱,,
vertical_flip_Screen Shot 2018-06-07 at 2.24.35 PM.jpg,碰伤,70.3%,0.559,0.20,MEDIUM,碰伤,合格,虫伤,,
vertical_flip_Screen Shot 2018-06-08 at 2.24.37 PM.jpg,虫伤,70.3%,0.553,0.20,MEDIUM,虫伤,腐烂,碰伤,,
saltandpepper_Screen Shot 2018-06-07 at 2.38.04 PM.jpg,碰伤,70.2%,0.603,0.20,MEDIUM,碰伤,腐烂,虫伤,,
r1_100_1.jpg,褶皱,70.2%,0.418,0.40,MEDIUM,褶皱,裂果,黑斑,,
rottenapple_435795946_250_碰伤_pred_虫伤.jpg,碰伤,70.0%,0.573,0.20,MEDIUM,碰伤,合格,虫伤,,
Screen Shot 2018-06-07 at 2.20.46 PM.jpg,碰伤,70.0%,0.593,0.20,MEDIUM,碰伤,合格,腐烂,,
saltandpepper_Screen Shot 2018-06-07 at 2.36.21 PM.jpg,褶皱,69.9%,0.535,0.20,MEDIUM,褶皱,腐烂,黑斑,,
saltandpepper_Screen Shot 2018-06-07 at 2.50.52 PM.jpg,碰伤,69.8%,0.601,0.00,MEDIUM,碰伤,合格,腐烂,,
Screen Shot 2018-06-07 at 2.56.09 PM.jpg,腐烂,69.8%,0.448,0.20,MEDIUM,腐烂,褶皱,碰伤,,
saltandpepper_Screen Shot 2018-06-08 at 2.29.55 PM.jpg,碰伤,69.8%,0.455,0.20,MEDIUM,碰伤,腐烂,虫伤,,
vertical_flip_Screen Shot 2018-06-08 at 2.47.03 PM.jpg,腐烂,69.6%,0.567,0.20,MEDIUM,腐烂,碰伤,虫伤,,
saltandpepper_Screen Shot 2018-06-07 at 2.35.38 PM.jpg,褶皱,69.2%,0.576,0.20,MEDIUM,褶皱,腐烂,碰伤,,
saltandpepper_Screen Shot 2018-06-07 at 3.05.53 PM.jpg,碰伤,68.9%,0.564,0.00,MEDIUM,碰伤,合格,腐烂,,
r0_188.jpg,褶皱,68.8%,0.394,0.20,MEDIUM,褶皱,裂果,黑斑,,
r0_188_1.jpg,褶皱,68.8%,0.394,0.20,MEDIUM,褶皱,裂果,黑斑,,
vertical_flip_Screen Shot 2018-06-08 at 2.23.40 PM.jpg,褶皱,68.6%,0.583,0.00,MEDIUM,褶皱,虫伤,合格,,
Screen Shot 2018-06-08 at 2.46.50 PM.jpg,褶皱,68.5%,0.488,0.20,MEDIUM,褶皱,腐烂,虫伤,,
Screen Shot 2018-06-07 at 2.52.09 PM.jpg,腐烂,68.5%,0.495,0.20,MEDIUM,腐烂,碰伤,虫伤,,
vertical_flip_Screen Shot 2018-06-07 at 3.03.31 PM.jpg,褶皱,68.4%,0.484,0.20,MEDIUM,褶皱,虫伤,合格,,
vertical_flip_Screen Shot 2018-06-07 at 2.57.17 PM.jpg,碰伤,68.3%,0.474,0.20,MEDIUM,碰伤,合格,腐烂,,
vertical_flip_Screen Shot 2018-06-07 at 2.43.48 PM.jpg,腐烂,68.3%,0.535,0.20,MEDIUM,腐烂,褶皱,虫伤,,
saltandpepper_Screen Shot 2018-06-07 at 2.54.58 PM.jpg,褶皱,68.2%,0.609,0.40,MEDIUM,褶皱,合格,黑斑,,
saltandpepper_Screen Shot 2018-06-07 at 3.05.58 PM.jpg,褶皱,68.1%,0.472,0.20,MEDIUM,褶皱,碰伤,腐烂,,
saltandpepper_Screen Shot 2018-06-07 at 3_腐烂_pred_褶皱.jpg,褶皱,68.1%,0.472,0.20,MEDIUM,褶皱,碰伤,腐烂,,
Screen Shot 2018-06-08 at 2.36.18 PM.jpg,腐烂,68.0%,0.479,0.20,MEDIUM,腐烂,碰伤,虫伤,,
vertical_flip_Screen Shot 2018-06-07 at 3.06.11 PM.jpg,碰伤,68.0%,0.473,0.20,MEDIUM,碰伤,腐烂,褶皱,,
saltandpepper_Screen Shot 2018-06-08 at 2.29.10 PM.jpg,碰伤,67.8%,0.538,0.20,MEDIUM,碰伤,黑斑,裂果,,
vertical_flip_Screen Shot 2018-06-07 at 2.41.23 PM.jpg,碰伤,67.7%,0.558,0.40,MEDIUM,碰伤,褶皱,合格,,
Screen Shot 2018-06-07 at 2.15.34 PM.jpg,碰伤,67.7%,0.607,0.40,MEDIUM,碰伤,虫伤,腐烂,,
vertical_flip_Screen Shot 2018-06-08 at 2.24.09 PM.jpg,褶皱,67.6%,0.449,0.20,MEDIUM,褶皱,虫伤,合格,,
saltandpepper_Screen Shot 2018-06-07 at 2.20.56 PM.jpg,碰伤,67.6%,0.524,0.20,MEDIUM,碰伤,黑斑,腐烂,,
Screen Shot 2018-06-08 at 2.47.03 PM.jpg,腐烂,67.5%,0.540,0.00,MEDIUM,腐烂,碰伤,虫伤,,
saltandpepper_Screen Shot 2018-06-08 at 2.37.03 PM.jpg,虫伤,67.5%,0.568,0.20,MEDIUM,虫伤,碰伤,黑斑,,
vertical_flip_Screen Shot 2018-06-07 at 2.34.18 PM.jpg,碰伤,67.5%,0.520,0.40,MEDIUM,碰伤,合格,虫伤,,
saltandpepper_Screen Shot 2018-06-07 at 2.44.51 PM.jpg,褶皱,67.4%,0.534,0.40,MEDIUM,褶皱,合格,腐烂,,
saltandpepper_Screen Shot 2018-06-07 at 2.19.37 PM.jpg,虫伤,67.2%,0.486,0.20,MEDIUM,虫伤,碰伤,褶皱,,
vertical_flip_Screen Shot 2018-06-08 at 2.35.25 PM.jpg,碰伤,67.1%,0.395,0.40,MEDIUM,碰伤,腐烂,虫伤,,
vertical_flip_Screen Shot 2018-06-07 at 2.52.44 PM.jpg,合格,67.0%,0.531,0.00,MEDIUM,合格,黑斑,褶皱,,
saltandpepper_Screen Shot 2018-06-08 at 2.35.25 PM.jpg,碰伤,66.9%,0.375,0.40,MEDIUM,碰伤,腐烂,虫伤,,
saltandpepper_Screen Shot 2018-06-07 at 2.23.40 PM.jpg,褶皱,66.5%,0.528,0.20,MEDIUM,褶皱,虫伤,碰伤,,
Screen Shot 2018-06-07 at 3.01.54 PM.jpg,病变,66.4%,0.536,0.00,MEDIUM,病变,腐烂,合格,,
saltandpepper_Screen Shot 2018-06-07 at 3.03.38 PM.jpg,碰伤,66.4%,0.456,0.20,MEDIUM,碰伤,虫伤,腐烂,,
saltandpepper_Screen Shot 2018-06-07 at 3.02.24 PM.jpg,碰伤,66.1%,0.515,0.00,MEDIUM,碰伤,虫伤,合格,,
Screen Shot 2018-06-08 at 2.28.12 PM.jpg,碰伤,66.1%,0.353,0.40,MEDIUM,碰伤,腐烂,虫伤,,
vertical_flip_Screen Shot 2018-06-07 at 2.58.47 PM.jpg,碰伤,66.0%,0.565,0.20,MEDIUM,碰伤,褶皱,合格,,
saltandpepper_Screen Shot 2018-06-08 at 2.42.58 PM.jpg,腐烂,66.0%,0.458,0.20,MEDIUM,腐烂,碰伤,虫伤,,
Screen Shot 2018-06-08 at 2.27.15 PM.jpg,褶皱,65.9%,0.464,0.20,MEDIUM,褶皱,合格,虫伤,,
Screen Shot 2018-06-07 at 2.18.13 PM.jpg,褶皱,65.9%,0.476,0.20,MEDIUM,褶皱,合格,虫伤,,
saltandpepper_Screen Shot 2018-06-07 at 2.40.48 PM.jpg,碰伤,65.9%,0.377,0.20,MEDIUM,碰伤,虫伤,腐烂,,
Screen Shot 2018-06-08 at 2.35.37 PM.jpg,虫伤,65.9%,0.377,0.40,MEDIUM,虫伤,碰伤,合格,,
saltandpepper_Screen Shot 2018-06-08 at 2.30.31 PM.jpg,碰伤,65.7%,0.515,0.20,MEDIUM,碰伤,虫伤,黑斑,,
saltandpepper_Screen Shot 2018-06-07 at 2.18.13 PM.jpg,褶皱,65.3%,0.542,0.00,MEDIUM,褶皱,合格,虫伤,,
vertical_flip_Screen Shot 2018-06-08 at 2.25.17 PM.jpg,褶皱,65.0%,0.487,0.20,MEDIUM,褶皱,虫伤,合格,,
vertical_flip_Screen Shot 2018-06-08 at 2.44.13 PM.jpg,褶皱,65.0%,0.422,0.20,MEDIUM,褶皱,黑斑,腐烂,,
saltandpepper_Screen Shot 2018-06-08 at 2.48.09 PM.jpg,碰伤,64.9%,0.420,0.20,MEDIUM,碰伤,虫伤,裂果,,
vertical_flip_Screen Shot 2018-06-08 at 2.46.08 PM.jpg,褶皱,64.9%,0.387,0.40,MEDIUM,褶皱,腐烂,碰伤,,
Screen Shot 2018-06-08 at 2.35.25 PM.jpg,碰伤,64.9%,0.365,0.40,MEDIUM,碰伤,腐烂,虫伤,,
saltandpepper_Screen Shot 2018-06-08 at 2.28.12 PM.jpg,碰伤,64.8%,0.370,0.40,MEDIUM,碰伤,腐烂,裂果,,
Screen Shot 2018-06-08 at 2.23.40 PM.jpg,褶皱,64.5%,0.528,0.00,MEDIUM,褶皱,虫伤,碰伤,,
vertical_flip_Screen Shot 2018-06-08 at 2.37.19 PM.jpg,虫伤,64.3%,0.515,0.20,MEDIUM,虫伤,腐烂,褶皱,,
vertical_flip_Screen Shot 2018-06-08 at 2.28.00 PM.jpg,虫伤,64.3%,0.525,0.40,MEDIUM,虫伤,腐烂,碰伤,,
Screen Shot 2018-06-08 at 2.25.43 PM.jpg,褶皱,64.0%,0.471,0.20,MEDIUM,褶皱,合格,虫伤,,
saltandpepper_Screen Shot 2018-06-07 at 3.01.09 PM.jpg,碰伤,64.0%,0.296,0.40,MEDIUM,碰伤,腐烂,虫伤,,
Screen Shot 2018-06-08 at 2.47.37 PM.jpg,虫伤,64.0%,0.409,0.20,MEDIUM,虫伤,褶皱,腐烂,,
saltandpepper_Screen Shot 2018-06-07 at 2.55.52 PM.jpg,黑斑,63.7%,0.385,0.20,MEDIUM,黑斑,碰伤,褶皱,,
Screen Shot 2018-06-08 at 2.24.37 PM.jpg,虫伤,63.5%,0.453,0.20,MEDIUM,虫伤,腐烂,碰伤,,
vertical_flip_Screen Shot 2018-06-08 at 2.51.28 PM.jpg,腐烂,63.4%,0.351,0.40,MEDIUM,腐烂,虫伤,褶皱,,
Screen Shot 2018-06-08 at 2.47.54 PM.jpg,褶皱,63.4%,0.476,0.20,MEDIUM,褶皱,合格,黑斑,,
vertical_flip_Screen Shot 2018-06-08 at 2.35.10 PM.jpg,碰伤,63.3%,0.352,0.40,MEDIUM,碰伤,虫伤,腐烂,,
saltandpepper_Screen Shot 2018-06-07 at 2.58.38 PM.jpg,腐烂,63.2%,0.373,0.20,MEDIUM,腐烂,虫伤,病变,,
saltandpepper_Screen Shot 2018-06-07 at 2.59.38 PM.jpg,腐烂,63.1%,0.427,0.20,MEDIUM,腐烂,褶皱,虫伤,,
saltandpepper_Screen Shot 2018-06-08 at 2.47.03 PM.jpg,碰伤,63.0%,0.383,0.20,MEDIUM,碰伤,腐烂,虫伤,,
saltandpepper_Screen Shot 2018-06-08 at 2.24.09 PM.jpg,褶皱,63.0%,0.495,0.20,MEDIUM,褶皱,虫伤,碰伤,,
Screen Shot 2018-06-08 at 2.29.20 PM.jpg,虫伤,63.0%,0.492,0.40,MEDIUM,虫伤,裂果,碰伤,,
vertical_flip_Screen Shot 2018-06-07 at 2.17.15 PM.jpg,虫伤,62.8%,0.432,0.40,MEDIUM,虫伤,褶皱,合格,,
saltandpepper_Screen Shot 2018-06-07 at 2.17.15 PM.jpg,虫伤,62.5%,0.466,0.40,MEDIUM,虫伤,碰伤,褶皱,,
saltandpepper_Screen Shot 2018-06-07 at 2.42.58 PM.jpg,碰伤,62.3%,0.418,0.00,MEDIUM,碰伤,黑斑,虫伤,,
Screen Shot 2018-06-08 at 2.52.20 PM.jpg,褶皱,62.2%,0.261,0.40,MEDIUM,褶皱,合格,黑斑,,
saltandpepper_Screen Shot 2018-06-07 at 3.05.05 PM.jpg,碰伤,62.2%,0.414,0.20,MEDIUM,碰伤,虫伤,腐烂,,
saltandpepper_Screen Shot 2018-06-07 at 2.31.43 PM.jpg,褶皱,62.1%,0.473,0.40,MEDIUM,褶皱,虫伤,碰伤,,
vertical_flip_Screen Shot 2018-06-08 at 2.46.44 PM.jpg,碰伤,62.1%,0.396,0.40,MEDIUM,碰伤,虫伤,合格,,
vertical_flip_Screen Shot 2018-06-07 at 3.01.54 PM.jpg,病变,61.9%,0.462,0.00,MEDIUM,病变,腐烂,合格,,
vertical_flip_Screen Shot 2018-06-08 at 2.28.42 PM.jpg,腐烂,61.9%,0.410,0.20,MEDIUM,腐烂,虫伤,碰伤,,
Screen Shot 2018-06-07 at 2.50.52 PM.jpg,碰伤,61.9%,0.485,0.40,MEDIUM,碰伤,合格,腐烂,,
vertical_flip_Screen Shot 2018-06-07 at 2.47.27 PM.jpg,褶皱,61.7%,0.381,0.40,MEDIUM,褶皱,虫伤,腐烂,,
saltandpepper_Screen Shot 2018-06-07 at 3.03.02 PM.jpg,腐烂,61.7%,0.302,0.40,MEDIUM,腐烂,碰伤,褶皱,,
vertical_flip_Screen Shot 2018-06-07 at 3.02.02 PM.jpg,腐烂,61.7%,0.286,0.40,MEDIUM,腐烂,碰伤,合格,,
Screen Shot 2018-06-08 at 2.33.49 PM.jpg,腐烂,61.7%,0.466,0.20,MEDIUM,腐烂,褶皱,裂果,,
vertical_flip_Screen Shot 2018-06-08 at 2.36.18 PM.jpg,腐烂,61.7%,0.437,0.20,MEDIUM,腐烂,虫伤,碰伤,,
Screen Shot 2018-06-07 at 3.02.37 PM.jpg,腐烂,61.6%,0.352,0.40,MEDIUM,腐烂,褶皱,碰伤,,
Screen Shot 2018-06-08 at 2.46.08 PM.jpg,褶皱,61.5%,0.412,0.20,MEDIUM,褶皱,腐烂,碰伤,,
Screen Shot 2018-06-07 at 2.23.24 PM.jpg,虫伤,61.3%,0.409,0.20,MEDIUM,虫伤,合格,腐烂,,
Screen Shot 2018-06-08 at 2.38.54 PM.jpg,虫伤,61.3%,0.319,0.40,MEDIUM,虫伤,腐烂,碰伤,,
Screen Shot 2018-06-08 at 2.25.04 PM.jpg,腐烂,61.2%,0.471,0.20,MEDIUM,腐烂,虫伤,碰伤,,
Screen Shot 2018-06-08 at 2.47.49 PM.jpg,褶皱,61.1%,0.323,0.20,MEDIUM,褶皱,合格,黑斑,,
saltandpepper_Screen Shot 2018-06-07 at 2.52.09 PM.jpg,碰伤,60.7%,0.429,0.40,MEDIUM,碰伤,腐烂,虫伤,,
vertical_flip_Screen Shot 2018-06-08 at 2.50.14 PM.jpg,虫伤,60.5%,0.441,0.20,MEDIUM,虫伤,腐烂,碰伤,,
Screen Shot 2018-06-07 at 2.31.59 PM.jpg,虫伤,60.3%,0.282,0.40,MEDIUM,虫伤,合格,黑斑,,
Screen Shot 2018-06-07 at 2.42.25 PM.jpg,合格,60.1%,0.342,0.40,MEDIUM,合格,褶皱,虫伤,,
Screen Shot 2018-06-07 at 2.50.09 PM.jpg,碰伤,60.1%,0.289,0.40,MEDIUM,碰伤,黑斑,腐烂,,
Screen Shot 2018-06-07 at 2.41.32 PM.jpg,合格,60.0%,0.360,0.20,MEDIUM,合格,褶皱,虫伤,,
Screen Shot 2018-06-07 at 3.02.24 PM.jpg,虫伤,59.7%,0.447,0.20,MEDIUM,虫伤,碰伤,合格,,
Screen Shot 2018-06-07 at 3.06.30 PM.jpg,合格,59.5%,0.482,0.00,MEDIUM,合格,黑斑,碰伤,,
saltandpepper_Screen Shot 2018-06-07 at 2.52.00 PM.jpg,碰伤,59.2%,0.310,0.20,MEDIUM,碰伤,虫伤,腐烂,,
Screen Shot 2018-06-08 at 2.25.17 PM.jpg,褶皱,59.2%,0.385,0.20,MEDIUM,褶皱,虫伤,合格,,
Screen Shot 2018-06-07 at 2.40.00 PM.jpg,褶皱,59.1%,0.293,0.40,MEDIUM,褶皱,合格,腐烂,,
saltandpepper_Screen Shot 2018-06-08 at 2.25.04 PM.jpg,腐烂,59.0%,0.424,0.20,MEDIUM,腐烂,虫伤,碰伤,,
vertical_flip_Screen Shot 2018-06-07 at 2.41.07 PM.jpg,碰伤,59.0%,0.378,0.40,MEDIUM,碰伤,合格,虫伤,,
saltandpepper_Screen Shot 2018-06-08 at 2.40.30 PM.jpg,虫伤,58.9%,0.335,0.40,MEDIUM,虫伤,碰伤,裂果,,
saltandpepper_Screen Shot 2018-06-08 at 2.44.13 PM.jpg,褶皱,58.8%,0.404,0.40,MEDIUM,褶皱,黑斑,腐烂,,
Screen Shot 2018-06-07 at 2.44.51 PM.jpg,褶皱,58.2%,0.203,0.40,MEDIUM,褶皱,合格,腐烂,,
Screen Shot 2018-06-07 at 3.05.05 PM.jpg,腐烂,58.1%,0.376,0.20,MEDIUM,腐烂,碰伤,虫伤,,
Screen Shot 2018-06-07 at 2.20.29 PM.jpg,腐烂,58.0%,0.350,0.20,MEDIUM,腐烂,碰伤,虫伤,,
Screen Shot 2018-06-08 at 2.38.47 PM.jpg,腐烂,58.0%,0.212,0.20,MEDIUM,腐烂,碰伤,虫伤,,
saltandpepper_Screen Shot 2018-06-07 at 2.31.59 PM.jpg,虫伤,57.9%,0.357,0.20,MEDIUM,虫伤,合格,碰伤,,
Screen Shot 2018-06-07 at 2.40.28 PM.jpg,虫伤,57.7%,0.396,0.20,MEDIUM,虫伤,褶皱,病变,,
Screen Shot 2018-06-07 at 2.17.25 PM.jpg,褶皱,57.6%,0.386,0.40,MEDIUM,褶皱,虫伤,碰伤,,
saltandpepper_Screen Shot 2018-06-08 at 2.40.56 PM.jpg,虫伤,57.5%,0.296,0.40,MEDIUM,虫伤,腐烂,碰伤,,
vertical_flip_Screen Shot 2018-06-07 at 2.43.13 PM.jpg,碰伤,57.5%,0.415,0.40,MEDIUM,碰伤,裂果,合格,,
vertical_flip_Screen Shot 2018-06-07 at 2.22.39 PM.jpg,腐烂,57.3%,0.344,0.40,MEDIUM,腐烂,虫伤,合格,,
Screen Shot 2018-06-07 at 3.04.41 PM.jpg,虫伤,57.2%,0.244,0.40,MEDIUM,虫伤,腐烂,合格,,
Screen Shot 2018-06-07 at 2.53.57 PM.jpg,碰伤,57.1%,0.373,0.20,MEDIUM,碰伤,褶皱,合格,,
saltandpepper_Screen Shot 2018-06-08 at 2.36.01 PM.jpg,碰伤,57.0%,0.386,0.20,MEDIUM,碰伤,虫伤,褶皱,,
Screen Shot 2018-06-08 at 2.28.00 PM.jpg,虫伤,56.9%,0.359,0.40,MEDIUM,虫伤,腐烂,碰伤,,
Screen Shot 2018-06-07 at 2.54.49 PM.jpg,虫伤,56.8%,0.233,0.40,MEDIUM,虫伤,碰伤,腐烂,,
saltandpepper_Screen Shot 2018-06-08 at 2.46.50 PM.jpg,碰伤,56.8%,0.385,0.40,MEDIUM,碰伤,虫伤,腐烂,,
saltandpepper_Screen Shot 2018-06-07 at 2.52.22 PM.jpg,褶皱,56.7%,0.403,0.20,MEDIUM,褶皱,虫伤,碰伤,,
vertical_flip_Screen Shot 2018-06-08 at 2.40.13 PM.jpg,碰伤,56.7%,0.222,0.40,MEDIUM,碰伤,腐烂,虫伤,,
saltandpepper_Screen Shot 2018-06-08 at 2.24.15 PM.jpg,碰伤,56.6%,0.335,0.20,MEDIUM,碰伤,褶皱,腐烂,,
saltandpepper_Screen Shot 2018-06-08 at 2.50.14 PM.jpg,虫伤,56.6%,0.388,0.40,MEDIUM,虫伤,碰伤,腐烂,,
Screen Shot 2018-06-07 at 3.02.02 PM.jpg,腐烂,56.5%,0.192,0.40,MEDIUM,腐烂,碰伤,合格,,
vertical_flip_Screen Shot 2018-06-07 at 2.46.32 PM.jpg,碰伤,56.5%,0.214,0.40,MEDIUM,碰伤,合格,腐烂,,
Screen Shot 2018-06-08 at 2.50.14 PM.jpg,虫伤,56.4%,0.351,0.40,MEDIUM,虫伤,腐烂,碰伤,,
saltandpepper_Screen Shot 2018-06-08 at 2.26.14 PM.jpg,虫伤,56.2%,0.288,0.40,MEDIUM,虫伤,腐烂,碰伤,,
Screen Shot 2018-06-08 at 2.26.14 PM.jpg,虫伤,56.1%,0.230,0.40,MEDIUM,虫伤,腐烂,碰伤,,
Screen Shot 2018-06-07 at 3.05.38 PM.jpg,碰伤,56.1%,0.290,0.20,MEDIUM,碰伤,虫伤,腐烂,,
saltandpepper_Screen Shot 2018-06-07 at 3.04.41 PM.jpg,虫伤,55.9%,0.258,0.40,MEDIUM,虫伤,腐烂,碰伤,,
vertical_flip_Screen Shot 2018-06-07 at 2.42.25 PM.jpg,合格,55.9%,0.259,0.40,MEDIUM,合格,褶皱,腐烂,,
vertical_flip_Screen Shot 2018-06-08 at 2.28.07 PM.jpg,虫伤,55.9%,0.330,0.40,MEDIUM,虫伤,碰伤,腐烂,,
saltandpepper_Screen Shot 2018-06-08 at 2.52.20 PM.jpg,褶皱,55.9%,0.329,0.20,MEDIUM,褶皱,合格,碰伤,,
vertical_flip_Screen Shot 2018-06-07 at 2.52.22 PM.jpg,褶皱,55.8%,0.292,0.20,MEDIUM,褶皱,虫伤,腐烂,,
Screen Shot 2018-06-07 at 2.22.39 PM.jpg,腐烂,55.7%,0.319,0.40,MEDIUM,腐烂,虫伤,合格,,
saltandpepper_Screen Shot 2018-06-08 at 2.51.28 PM.jpg,虫伤,55.3%,0.346,0.40,MEDIUM,虫伤,腐烂,碰伤,,
Screen Shot 2018-06-07 at 3.05.13 PM.jpg,褶皱,55.2%,0.370,0.20,MEDIUM,褶皱,腐烂,虫伤,,
vertical_flip_Screen Shot 2018-06-07 at 2.43.07 PM.jpg,虫伤,55.1%,0.376,0.20,MEDIUM,虫伤,碰伤,腐烂,,
vertical_flip_Screen Shot 2018-06-08 at 2.52.43 PM.jpg,腐烂,54.9%,0.189,0.20,MEDIUM,腐烂,虫伤,合格,,
vertical_flip_Screen Shot 2018-06-08 at 2.47.49 PM.jpg,褶皱,54.8%,0.174,0.40,MEDIUM,褶皱,合格,黑斑,,
Screen Shot 2018-06-08 at 2.50.49 PM.jpg,腐烂,54.8%,0.341,0.40,MEDIUM,腐烂,碰伤,合格,,
vertical_flip_Screen Shot 2018-06-08 at 2.29.10 PM.jpg,碰伤,54.7%,0.402,0.40,MEDIUM,碰伤,裂果,褶皱,,
vertical_flip_Screen Shot 2018-06-07 at 3.04.41 PM.jpg,虫伤,54.7%,0.217,0.40,MEDIUM,虫伤,腐烂,碰伤,,
Screen Shot 2018-06-08 at 2.40.13 PM.jpg,碰伤,54.7%,0.167,0.40,MEDIUM,碰伤,腐烂,虫伤,,
vertical_flip_Screen Shot 2018-06-08 at 2.36.01 PM.jpg,褶皱,54.7%,0.414,0.20,MEDIUM,褶皱,腐烂,虫伤,,
vertical_flip_Screen Shot 2018-06-07 at 3.06.30 PM.jpg,合格,54.5%,0.408,0.40,MEDIUM,合格,黑斑,碰伤,,
vertical_flip_Screen Shot 2018-06-07 at 3.02.37 PM.jpg,腐烂,54.4%,0.206,0.40,MEDIUM,腐烂,褶皱,虫伤,,
vertical_flip_Screen Shot 2018-06-07 at 2.23.24 PM.jpg,虫伤,54.4%,0.282,0.40,MEDIUM,虫伤,合格,腐烂,,
Screen Shot 2018-06-08 at 2.35.32 PM.jpg,碰伤,54.3%,0.262,0.40,MEDIUM,碰伤,虫伤,腐烂,,
saltandpepper_Screen Shot 2018-06-07 at 3.03.21 PM.jpg,碰伤,54.3%,0.337,0.20,MEDIUM,碰伤,黑斑,虫伤,,
vertical_flip_Screen Shot 2018-06-07 at 3.01.09 PM.jpg,腐烂,54.3%,0.137,0.40,MEDIUM,腐烂,碰伤,虫伤,,
Screen Shot 2018-06-08 at 2.44.13 PM.jpg,褶皱,54.3%,0.330,0.40,MEDIUM,褶皱,黑斑,腐烂,,
Screen Shot 2018-06-07 at 2.43.13 PM.jpg,碰伤,54.2%,0.382,0.20,MEDIUM,碰伤,裂果,虫伤,,
Screen Shot 2018-06-07 at 2.52.30 PM.jpg,腐烂,53.9%,0.337,0.40,MEDIUM,腐烂,虫伤,碰伤,,
Screen Shot 2018-06-08 at 2.35.10 PM.jpg,碰伤,53.9%,0.149,0.40,MEDIUM,碰伤,虫伤,腐烂,,
vertical_flip_Screen Shot 2018-06-07 at 2.15.34 PM.jpg,碰伤,53.8%,0.280,0.40,MEDIUM,碰伤,褶皱,虫伤,,
Screen Shot 2018-06-08 at 2.33.04 PM.jpg,虫伤,53.7%,0.365,0.40,MEDIUM,虫伤,病变,裂果,,
saltandpepper_Screen Shot 2018-06-08 at 2.36.18 PM.jpg,腐烂,53.7%,0.245,0.40,MEDIUM,腐烂,虫伤,碰伤,,
Screen Shot 2018-06-08 at 2.42.06 PM.jpg,腐烂,53.5%,0.365,0.40,MEDIUM,腐烂,褶皱,裂果,,
vertical_flip_Screen Shot 2018-06-08 at 2.33.28 PM.jpg,褶皱,53.5%,0.230,0.40,MEDIUM,褶皱,腐烂,裂果,,
r0_210.jpg,裂果,53.4%,0.082,0.40,MEDIUM,裂果,褶皱,黑斑,,
vertical_flip_Screen Shot 2018-06-08 at 2.42.30 PM.jpg,碰伤,53.4%,0.249,0.40,MEDIUM,碰伤,合格,腐烂,,
saltandpepper_Screen Shot 2018-06-07 at 2.23.51 PM.jpg,虫伤,53.1%,0.323,0.40,MEDIUM,虫伤,合格,碰伤,,
saltandpepper_Screen Shot 2018-06-08 at 2.31.33 PM.jpg,碰伤,53.0%,0.270,0.40,MEDIUM,碰伤,腐烂,虫伤,,
Screen Shot 2018-06-08 at 2.51.55 PM.jpg,褶皱,52.9%,0.400,0.40,MEDIUM,褶皱,黑斑,合格,,
vertical_flip_Screen Shot 2018-06-08 at 2.38.33 PM.jpg,腐烂,52.6%,0.290,0.20,MEDIUM,腐烂,虫伤,病变,,
Screen Shot 2018-06-07 at 2.56.34 PM.jpg,腐烂,52.5%,0.116,0.40,MEDIUM,腐烂,虫伤,碰伤,,
saltandpepper_Screen Shot 2018-06-07 at 3.00.00 PM.jpg,碰伤,52.4%,0.122,0.40,MEDIUM,碰伤,黑斑,病变,,
saltandpepper_Screen Shot 2018-06-08 at 2.47.37 PM.jpg,虫伤,52.4%,0.318,0.40,MEDIUM,虫伤,褶皱,碰伤,,
Screen Shot 2018-06-07 at 2.47.27 PM.jpg,褶皱,52.3%,0.238,0.40,MEDIUM,褶皱,虫伤,腐烂,,
Screen Shot 2018-06-07 at 3.03.12 PM.jpg,黑斑,52.3%,0.175,0.40,MEDIUM,黑斑,虫伤,碰伤,,
vertical_flip_Screen Shot 2018-06-07 at 3.02.24 PM.jpg,虫伤,52.3%,0.289,0.40,MEDIUM,虫伤,碰伤,合格,,
Screen Shot 2018-06-07 at 2.41.07 PM.jpg,碰伤,52.2%,0.334,0.40,MEDIUM,碰伤,虫伤,合格,,
Screen Shot 2018-06-08 at 2.36.01 PM.jpg,褶皱,52.2%,0.371,0.40,MEDIUM,褶皱,碰伤,虫伤,,
Screen Shot 2018-06-07 at 2.52.44 PM.jpg,合格,52.1%,0.302,0.40,MEDIUM,合格,褶皱,黑斑,,
vertical_flip_Screen Shot 2018-06-07 at 2.40.28 PM.jpg,虫伤,51.8%,0.335,0.40,MEDIUM,虫伤,褶皱,病变,,
vertical_flip_Screen Shot 2018-06-07 at 2.20.29 PM.jpg,腐烂,51.7%,0.157,0.40,MEDIUM,腐烂,碰伤,虫伤,,
vertical_flip_Screen Shot 2018-06-08 at 2.31.33 PM.jpg,腐烂,51.6%,0.199,0.40,MEDIUM,腐烂,碰伤,虫伤,,
saltandpepper_Screen Shot 2018-06-08 at 2.37.53 PM.jpg,虫伤,51.6%,0.336,0.40,MEDIUM,虫伤,腐烂,褶皱,,
saltandpepper_Screen Shot 2018-06-07 at 2.19.15 PM.jpg,碰伤,51.5%,0.313,0.40,MEDIUM,碰伤,褶皱,虫伤,,
vertical_flip_Screen Shot 2018-06-08 at 2.33.49 PM.jpg,腐烂,51.5%,0.327,0.40,MEDIUM,腐烂,褶皱,碰伤,,
saltandpepper_Screen Shot 2018-06-08 at 2.39.21 PM.jpg,碰伤,51.4%,0.207,0.40,MEDIUM,碰伤,虫伤,腐烂,,
vertical_flip_Screen Shot 2018-06-08 at 2.39.26 PM.jpg,虫伤,51.3%,0.201,0.40,MEDIUM,虫伤,腐烂,褶皱,,
r0_254.jpg,褶皱,51.1%,0.165,0.40,MEDIUM,褶皱,裂果,腐烂,,
Screen Shot 2018-06-07 at 2.41.23 PM.jpg,碰伤,50.9%,0.361,0.20,MEDIUM,碰伤,虫伤,合格,,
saltandpepper_Screen Shot 2018-06-08 at 2.38.33 PM.jpg,虫伤,50.9%,0.221,0.40,MEDIUM,虫伤,腐烂,碰伤,,
Screen Shot 2018-06-08 at 2.37.53 PM.jpg,虫伤,50.8%,0.143,0.40,MEDIUM,虫伤,腐烂,褶皱,,
vertical_flip_Screen Shot 2018-06-08 at 2.51.55 PM.jpg,褶皱,50.7%,0.365,0.40,MEDIUM,褶皱,黑斑,合格,,
saltandpepper_Screen Shot 2018-06-07 at 2.24.59 PM.jpg,褶皱,50.6%,0.300,0.20,MEDIUM,褶皱,碰伤,虫伤,,
Screen Shot 2018-06-08 at 2.42.52 PM.jpg,腐烂,50.5%,0.200,0.40,MEDIUM,腐烂,褶皱,虫伤,,
saltandpepper_Screen Shot 2018-06-08 at 2.48.52 PM.jpg,碰伤,50.3%,0.254,0.40,MEDIUM,碰伤,裂果,黑斑,,
Screen Shot 2018-06-08 at 2.31.33 PM.jpg,腐烂,50.2%,0.226,0.40,MEDIUM,腐烂,碰伤,虫伤,,
saltandpepper_Screen Shot 2018-06-07 at 3.02.02 PM.jpg,碰伤,50.2%,0.032,0.40,MEDIUM,碰伤,腐烂,虫伤,,
saltandpepper_Screen Shot 2018-06-08 at 2.39.26 PM.jpg,虫伤,50.2%,0.256,0.40,MEDIUM,虫伤,腐烂,褶皱,,
Screen Shot 2018-06-08 at 2.48.15 PM.jpg,腐烂,50.1%,0.288,0.40,MEDIUM,腐烂,合格,虫伤,,
vertical_flip_Screen Shot 2018-06-07 at 2.56.34 PM.jpg,腐烂,50.1%,0.102,0.40,MEDIUM,腐烂,虫伤,合格,,
Screen Shot 2018-06-07 at 2.20.56 PM.jpg,黑斑,50.1%,0.320,0.20,MEDIUM,黑斑,碰伤,虫伤,,
saltandpepper_Screen Shot 2018-06-07 at 2.24.02 PM.jpg,碰伤,50.1%,0.301,0.40,MEDIUM,碰伤,虫伤,腐烂,,
Screen Shot 2018-06-07 at 2.47.01 PM.jpg,褶皱,100.0%,1.000,0.00,LOW,褶皱,虫伤,合格,,
FreshApple (104).jpg,合格,100.0%,1.000,0.00,LOW,合格,虫伤,褶皱,,
Screen Shot 2018-06-08 at 2.32.10 PM.jpg,褶皱,100.0%,1.000,0.00,LOW,褶皱,腐烂,虫伤,,
vertical_flip_Screen Shot 2018-06-08 at 2.32.10 PM.jpg,褶皱,100.0%,0.999,0.00,LOW,褶皱,腐烂,虫伤,,
FreshApple (129).jpg,合格,99.9%,0.999,0.00,LOW,合格,褶皱,虫伤,,
vertical_flip_Screen Shot 2018-06-07 at 3.02.51 PM.jpg,褶皱,99.9%,0.998,0.00,LOW,褶皱,虫伤,合格,,
Screen Shot 2018-06-07 at 2.39.20 PM.jpg,褶皱,99.9%,0.998,0.00,LOW,褶皱,虫伤,腐烂,,
vertical_flip_Screen Shot 2018-06-07 at 2.39.53 PM.jpg,虫伤,99.9%,0.998,0.00,LOW,虫伤,褶皱,腐烂,,
FreshApple (132).jpg,合格,99.8%,0.998,0.00,LOW,合格,褶皱,虫伤,,
vertical_flip_Screen Shot 2018-06-07 at 2.45.09 PM.jpg,褶皱,99.8%,0.998,0.00,LOW,褶皱,合格,腐烂,,
FreshApple (118).jpg,合格,99.8%,0.997,0.00,LOW,合格,黑斑,虫伤,,
FreshApple (133).jpg,合格,99.8%,0.997,0.00,LOW,合格,虫伤,碰伤,,
FreshApple (15).jpg,合格,99.8%,0.997,0.00,LOW,合格,虫伤,腐烂,,
FreshApple (131).jpg,合格,99.8%,0.997,0.00,LOW,合格,虫伤,黑斑,,
Screen Shot 2018-06-07 at 2.51.16 PM.jpg,褶皱,99.8%,0.997,0.00,LOW,褶皱,腐烂,黑斑,,
FreshApple (128).jpg,合格,99.8%,0.997,0.00,LOW,合格,褶皱,虫伤,,
Screen Shot 2018-06-07 at 2.44.59 PM.jpg,褶皱,99.7%,0.996,0.00,LOW,褶皱,虫伤,合格,,
FreshApple (125).jpg,合格,99.7%,0.996,0.00,LOW,合格,腐烂,褶皱,,
Screen Shot 2018-06-07 at 2.54.41 PM.jpg,褶皱,99.7%,0.996,0.00,LOW,褶皱,腐烂,合格,,
vertical_flip_Screen Shot 2018-06-07 at 2.40.13 PM.jpg,褶皱,99.7%,0.995,0.00,LOW,褶皱,合格,腐烂,,
FreshApple (122).jpg,合格,99.7%,0.995,0.00,LOW,合格,虫伤,褶皱,,
FreshApple (91).jpg,合格,99.7%,0.995,0.00,LOW,合格,褶皱,虫伤,,
FreshApple (123).jpg,合格,99.6%,0.995,0.00,LOW,合格,黑斑,虫伤,,
FreshApple (103).jpg,合格,99.6%,0.995,0.00,LOW,合格,褶皱,黑斑,,
FreshApple (102).jpg,合格,99.6%,0.993,0.00,LOW,合格,腐烂,虫伤,,
vertical_flip_Screen Shot 2018-06-07 at 2.44.59 PM.jpg,褶皱,99.5%,0.993,0.00,LOW,褶皱,虫伤,合格,,
FreshApple (100).jpg,合格,99.5%,0.992,0.00,LOW,合格,褶皱,虫伤,,
FreshApple (99).jpg,合格,99.5%,0.993,0.00,LOW,合格,虫伤,褶皱,,
FreshApple (112).jpg,合格,99.3%,0.991,0.00,LOW,合格,虫伤,黑斑,,
vertical_flip_Screen Shot 2018-06-07 at 2.39.44 PM.jpg,虫伤,99.3%,0.989,0.00,LOW,虫伤,腐烂,碰伤,,
FreshApple (7).jpg,合格,99.2%,0.988,0.00,LOW,合格,裂果,虫伤,,
FreshApple (105).jpg,合格,99.2%,0.989,0.00,LOW,合格,黑斑,虫伤,,
FreshApple (120).jpg,合格,99.2%,0.990,0.00,LOW,合格,黑斑,虫伤,,
FreshApple (93).jpg,合格,99.2%,0.987,0.00,LOW,合格,褶皱,黑斑,,
FreshApple (127).jpg,合格,99.1%,0.986,0.00,LOW,合格,虫伤,碰伤,,
vertical_flip_Screen Shot 2018-06-07 at 2.46.12 PM.jpg,褶皱,99.1%,0.985,0.00,LOW,褶皱,腐烂,虫伤,,
saltandpepper_Screen Shot 2018-06-07 at 2_虫伤_pred_褶皱.jpg,虫伤,99.0%,0.987,0.00,LOW,虫伤,褶皱,碰伤,,
FreshApple (106).jpg,合格,99.0%,0.987,0.00,LOW,合格,虫伤,褶皱,,
FreshApple (108).jpg,合格,99.0%,0.986,0.00,LOW,合格,虫伤,褶皱,,
FreshApple (116).jpg,合格,99.0%,0.987,0.00,LOW,合格,虫伤,黑斑,,
Screen Shot 2018-06-07 at 2.22.00 PM.jpg,虫伤,99.0%,0.982,0.00,LOW,虫伤,褶皱,合格,,
Screen Shot 2018-06-07 at 2.16.18 PM.jpg,虫伤,98.9%,0.985,0.00,LOW,虫伤,褶皱,腐烂,,
FreshApple (173).jpg,合格,98.9%,0.985,0.00,LOW,合格,虫伤,褶皱,,
FreshApple (92).jpg,合格,98.9%,0.982,0.00,LOW,合格,褶皱,黑斑,,
FreshApple (115).jpg,合格,98.9%,0.986,0.00,LOW,合格,褶皱,黑斑,,
FreshApple (111).jpg,合格,98.8%,0.984,0.00,LOW,合格,虫伤,褶皱,,
FreshApple (114).jpg,合格,98.7%,0.981,0.00,LOW,合格,虫伤,黑斑,,
vertical_flip_Screen Shot 2018-06-07 at 2.45.44 PM.jpg,褶皱,98.6%,0.976,0.00,LOW,褶皱,腐烂,虫伤,,
vertical_flip_Screen Shot 2018-06-07 at 2.16.18 PM.jpg,虫伤,98.6%,0.979,0.00,LOW,虫伤,褶皱,腐烂,,
FreshApple (107).jpg,合格,98.6%,0.978,0.00,LOW,合格,虫伤,褶皱,,
vertical_flip_Screen Shot 2018-06-08 at 2.50.33 PM.jpg,腐烂,98.6%,0.978,0.00,LOW,腐烂,碰伤,虫伤,,
saltandpepper_Screen Shot 2018-06-07 at 2.45.09 PM.jpg,褶皱,98.5%,0.977,0.00,LOW,褶皱,腐烂,碰伤,,
Screen Shot 2018-06-07 at 2.45.44 PM.jpg,褶皱,98.5%,0.972,0.00,LOW,褶皱,腐烂,虫伤,,
Screen Shot 2018-06-07 at 2.40.13 PM.jpg,褶皱,98.5%,0.977,0.00,LOW,褶皱,合格,腐烂,,
vertical_flip_Screen Shot 2018-06-07 at 2.45.55 PM.jpg,褶皱,98.4%,0.976,0.00,LOW,褶皱,腐烂,虫伤,,
FreshApple (124).jpg,合格,98.4%,0.980,0.00,LOW,合格,黑斑,虫伤,,
vertical_flip_Screen Shot 2018-06-07 at 2.25.26 PM.jpg,虫伤,98.4%,0.975,0.00,LOW,虫伤,碰伤,裂果,,
vertical_flip_Screen Shot 2018-06-08 at 2.47.09 PM.jpg,腐烂,98.4%,0.974,0.00,LOW,腐烂,碰伤,褶皱,,
FreshApple (101).jpg,合格,98.4%,0.978,0.00,LOW,合格,黑斑,虫伤,,
saltandpepper_Screen Shot 2018-06-07 at 2.51.16 PM.jpg,褶皱,98.2%,0.975,0.00,LOW,褶皱,腐烂,黑斑,,
saltandpepper_Screen Shot 2018-06-07 at 2.57.17 PM.jpg,碰伤,98.2%,0.976,0.00,LOW,碰伤,腐烂,黑斑,,
saltandpepper_Screen Shot 2018-06-08 at 2.53.14 PM.jpg,碰伤,98.1%,0.975,0.00,LOW,碰伤,虫伤,腐烂,,
FreshApple (94).jpg,合格,98.0%,0.967,0.00,LOW,合格,虫伤,黑斑,,
Screen Shot 2018-06-07 at 2.46.04 PM.jpg,褶皱,98.0%,0.972,0.00,LOW,褶皱,黑斑,腐烂,,
Screen Shot 2018-06-08 at 2.47.09 PM.jpg,腐烂,98.0%,0.965,0.00,LOW,腐烂,碰伤,合格,,
saltandpepper_Screen Shot 2018-06-07 at 2.19.46 PM.jpg,碰伤,97.9%,0.971,0.00,LOW,碰伤,虫伤,合格,,
saltandpepper_Screen Shot 2018-06-07 at 2.34.18 PM.jpg,碰伤,97.9%,0.969,0.00,LOW,碰伤,虫伤,合格,,
Screen Shot 2018-06-07 at 2.45.55 PM.jpg,褶皱,97.9%,0.966,0.00,LOW,褶皱,腐烂,虫伤,,
Screen Shot 2018-06-08 at 2.50.33 PM.jpg,腐烂,97.8%,0.968,0.00,LOW,腐烂,碰伤,褶皱,,
FreshApple (96).jpg,合格,97.8%,0.973,0.00,LOW,合格,黑斑,褶皱,,
Screen Shot 2018-06-07 at 2.25.26 PM.jpg,虫伤,97.7%,0.962,0.00,LOW,虫伤,碰伤,裂果,,
FreshApple (24).jpg,合格,97.7%,0.970,0.00,LOW,合格,虫伤,黑斑,,
saltandpepper_Screen Shot 2018-06-07 at 2.24.35 PM.jpg,碰伤,97.6%,0.965,0.00,LOW,碰伤,虫伤,合格,,
FreshApple (121).jpg,合格,97.5%,0.969,0.00,LOW,合格,虫伤,褶皱,,
Screen Shot 2018-06-07 at 2.16.41 PM.jpg,褶皱,97.4%,0.963,0.00,LOW,褶皱,腐烂,合格,,
saltandpepper_Screen Shot 2018-06-07 at 2.45.55 PM.jpg,褶皱,97.3%,0.961,0.00,LOW,褶皱,腐烂,虫伤,,
vertical_flip_Screen Shot 2018-06-07 at 2.51.01 PM.jpg,褶皱,97.2%,0.957,0.00,LOW,褶皱,腐烂,合格,,
vertical_flip_Screen Shot 2018-06-07 at 2.16.41 PM.jpg,褶皱,97.1%,0.960,0.00,LOW,褶皱,虫伤,腐烂,,
FreshApple (119).jpg,合格,97.0%,0.963,0.00,LOW,合格,虫伤,腐烂,,
saltandpepper_Screen Shot 2018-06-08 at 2.48.43 PM.jpg,碰伤,96.9%,0.956,0.00,LOW,碰伤,虫伤,腐烂,,
FreshApple (95).jpg,合格,96.8%,0.945,0.00,LOW,合格,虫伤,黑斑,,
Screen Shot 2018-06-07 at 3.03.58 PM.jpg,褶皱,96.8%,0.952,0.00,LOW,褶皱,虫伤,合格,,
vertical_flip_Screen Shot 2018-06-07 at 2.36.06 PM.jpg,褶皱,96.8%,0.956,0.00,LOW,褶皱,腐烂,合格,,
Screen Shot 2018-06-07 at 2.46.22 PM.jpg,褶皱,96.6%,0.943,0.00,LOW,褶皱,腐烂,黑斑,,
Screen Shot 2018-06-07 at 2.51.08 PM.jpg,褶皱,96.4%,0.943,0.00,LOW,褶皱,腐烂,黑斑,,
Screen Shot 2018-06-07 at 2.39.26 PM.jpg,黑斑,96.3%,0.952,0.00,LOW,黑斑,碰伤,腐烂,,
Screen Shot 2018-06-08 at 2.39.51 PM.jpg,虫伤,96.1%,0.949,0.00,LOW,虫伤,褶皱,腐烂,,
saltandpepper_Screen Shot 2018-06-07 at 2.41.14 PM.jpg,碰伤,96.1%,0.936,0.00,LOW,碰伤,腐烂,虫伤,,
FreshApple (97).jpg,合格,96.0%,0.946,0.00,LOW,合格,黑斑,褶皱,,
vertical_flip_Screen Shot 2018-06-07 at 2.39.26 PM.jpg,黑斑,95.9%,0.945,0.00,LOW,黑斑,碰伤,腐烂,,
FreshApple (98).jpg,合格,95.8%,0.930,0.00,LOW,合格,裂果,黑斑,,
saltandpepper_Screen Shot 2018-06-08 at 2.25.24 PM.jpg,碰伤,95.6%,0.930,0.00,LOW,碰伤,腐烂,虫伤,,
Screen Shot 2018-06-08 at 2.50.38 PM.jpg,腐烂,95.5%,0.932,0.00,LOW,腐烂,碰伤,虫伤,,
vertical_flip_Screen Shot 2018-06-07 at 3.06.51 PM.jpg,褶皱,95.5%,0.935,0.00,LOW,褶皱,合格,虫伤,,
Screen Shot 2018-06-07 at 2.50.31 PM.jpg,腐烂,95.4%,0.930,0.00,LOW,腐烂,碰伤,合格,,
vertical_flip_Screen Shot 2018-06-08 at 2.24.46 PM.jpg,褶皱,95.3%,0.933,0.00,LOW,褶皱,合格,黑斑,,
vertical_flip_Screen Shot 2018-06-07 at 2.50.31 PM.jpg,腐烂,95.3%,0.931,0.00,LOW,腐烂,碰伤,褶皱,,
vertical_flip_Screen Shot 2018-06-08 at 2.50.38 PM.jpg,腐烂,95.2%,0.928,0.00,LOW,腐烂,合格,碰伤,,
saltandpepper_Screen Shot 2018-06-07 at 2.45.44 PM.jpg,褶皱,95.2%,0.914,0.00,LOW,褶皱,腐烂,碰伤,,
Screen Shot 2018-06-08 at 2.50.25 PM.jpg,腐烂,95.1%,0.917,0.00,LOW,腐烂,碰伤,虫伤,,
saltandpepper_Screen Shot 2018-06-07 at 2.54.41 PM.jpg,褶皱,94.8%,0.930,0.00,LOW,褶皱,碰伤,腐烂,,
FreshApple (110).jpg,合格,94.7%,0.931,0.00,LOW,合格,褶皱,黑斑,,
FreshApple (117).jpg,合格,94.6%,0.930,0.00,LOW,合格,褶皱,黑斑,,
Screen Shot 2018-06-07 at 2.58.17 PM.jpg,褶皱,94.6%,0.905,0.00,LOW,褶皱,虫伤,腐烂,,
Screen Shot 2018-06-07 at 3.04.04 PM.jpg,褶皱,94.5%,0.919,0.00,LOW,褶皱,虫伤,合格,,
vertical_flip_Screen Shot 2018-06-07 at 2.37.32 PM.jpg,褶皱,94.5%,0.929,0.00,LOW,褶皱,腐烂,虫伤,,
saltandpepper_Screen Shot 2018-06-08 at 2.50.38 PM.jpg,腐烂,94.4%,0.893,0.00,LOW,腐烂,碰伤,虫伤,,
vertical_flip_Screen Shot 2018-06-07 at 2.46.22 PM.jpg,褶皱,94.3%,0.905,0.00,LOW,褶皱,腐烂,虫伤,,
saltandpepper_Screen Shot 2018-06-07 at 2.46.04 PM.jpg,褶皱,94.2%,0.927,0.00,LOW,褶皱,黑斑,腐烂,,
Screen Shot 2018-06-08 at 2.43.54 PM.jpg,碰伤,94.2%,0.920,0.00,LOW,碰伤,合格,腐烂,,
Screen Shot 2018-06-08 at 2.40.09 PM.jpg,腐烂,94.0%,0.925,0.00,LOW,腐烂,碰伤,病变,,
vertical_flip_Screen Shot 2018-06-08 at 2.37.03 PM.jpg,虫伤,94.0%,0.913,0.00,LOW,虫伤,褶皱,裂果,,
Screen Shot 2018-06-07 at 2.37.01 PM.jpg,褶皱,94.0%,0.921,0.00,LOW,褶皱,腐烂,合格,,
Screen Shot 2018-06-07 at 2.51.01 PM.jpg,褶皱,94.0%,0.899,0.00,LOW,褶皱,腐烂,碰伤,,
Screen Shot 2018-06-07 at 2.35.38 PM.jpg,褶皱,93.9%,0.910,0.00,LOW,褶皱,腐烂,虫伤,,
vertical_flip_Screen Shot 2018-06-08 at 2.25.24 PM.jpg,碰伤,93.8%,0.910,0.00,LOW,碰伤,腐烂,合格,,
Screen Shot 2018-06-08 at 2.53.14 PM.jpg,碰伤,93.7%,0.913,0.00,LOW,碰伤,合格,腐烂,,
vertical_flip_Screen Shot 2018-06-08 at 2.50.25 PM.jpg,腐烂,93.5%,0.900,0.00,LOW,腐烂,碰伤,虫伤,,
vertical_flip_Screen Shot 2018-06-07 at 3.03.58 PM.jpg,褶皱,93.5%,0.886,0.00,LOW,褶皱,虫伤,合格,,
saltandpepper_Screen Shot 2018-06-07 at 2.40.55 PM.jpg,碰伤,93.5%,0.904,0.00,LOW,碰伤,腐烂,虫伤,,
vertical_flip_Screen Shot 2018-06-07 at 2.57.05 PM.jpg,裂果,93.3%,0.917,0.00,LOW,裂果,病变,腐烂,,
r1_244.jpg,黑斑,93.2%,0.879,0.00,LOW,黑斑,褶皱,腐烂,,
Screen Shot 2018-06-07 at 2.56.16 PM.jpg,腐烂,93.2%,0.900,0.00,LOW,腐烂,碰伤,合格,,
saltandpepper_Screen Shot 2018-06-07 at 2.57.26 PM.jpg,碰伤,93.2%,0.909,0.00,LOW,碰伤,腐烂,合格,,
vertical_flip_Screen Shot 2018-06-07 at 2.15.50 PM.jpg,裂果,93.1%,0.915,0.00,LOW,裂果,虫伤,腐烂,,
saltandpepper_Screen Shot 2018-06-07 at 2.56.47 PM.jpg,褶皱,93.1%,0.903,0.00,LOW,褶皱,黑斑,裂果,,
Screen Shot 2018-06-08 at 2.24.46 PM.jpg,褶皱,92.8%,0.898,0.00,LOW,褶皱,合格,虫伤,,
vertical_flip_Screen Shot 2018-06-07 at 2.56.16 PM.jpg,腐烂,92.8%,0.901,0.00,LOW,腐烂,碰伤,合格,,
vertical_flip_Screen Shot 2018-06-07 at 3.04.24 PM.jpg,褶皱,92.7%,0.899,0.00,LOW,褶皱,合格,虫伤,,
saltandpepper_Screen Shot 2018-06-08 at 2.46.44 PM.jpg,碰伤,92.5%,0.908,0.00,LOW,碰伤,腐烂,虫伤,,
saltandpepper_Screen Shot 2018-06-08 at 2.27.44 PM.jpg,碰伤,92.5%,0.882,0.00,LOW,碰伤,腐烂,虫伤,,
Screen Shot 2018-06-07 at 2.57.05 PM.jpg,裂果,92.3%,0.907,0.00,LOW,裂果,病变,腐烂,,
vertical_flip_Screen Shot 2018-06-08 at 2.40.09 PM.jpg,腐烂,92.3%,0.906,0.00,LOW,腐烂,碰伤,病变,,
Screen Shot 2018-06-07 at 2.37.32 PM.jpg,褶皱,92.3%,0.898,0.00,LOW,褶皱,腐烂,虫伤,,
vertical_flip_Screen Shot 2018-06-07 at 2.35.38 PM.jpg,褶皱,92.2%,0.885,0.00,LOW,褶皱,虫伤,腐烂,,
saltandpepper_Screen Shot 2018-06-07 at 3.02.09 PM.jpg,碰伤,92.2%,0.895,0.00,LOW,碰伤,裂果,虫伤,,
vertical_flip_Screen Shot 2018-06-08 at 2.48.43 PM.jpg,碰伤,92.1%,0.877,0.00,LOW,碰伤,虫伤,合格,,
vertical_flip_Screen Shot 2018-06-07 at 2.54.58 PM.jpg,褶皱,92.0%,0.878,0.00,LOW,褶皱,合格,虫伤,,
Screen Shot 2018-06-07 at 2.58.04 PM.jpg,黑斑,92.0%,0.884,0.00,LOW,黑斑,虫伤,褶皱,,
Screen Shot 2018-06-08 at 2.41.44 PM.jpg,虫伤,91.6%,0.864,0.00,LOW,虫伤,碰伤,腐烂,,
saltandpepper_Screen Shot 2018-06-07 at 2.45.35 PM.jpg,褶皱,91.2%,0.882,0.00,LOW,褶皱,腐烂,虫伤,,
saltandpepper_Screen Shot 2018-06-07 at 2.50.31 PM.jpg,腐烂,91.1%,0.834,0.00,LOW,腐烂,碰伤,虫伤,,
vertical_flip_Screen Shot 2018-06-07 at 2.23.40 PM.jpg,褶皱,91.1%,0.854,0.00,LOW,褶皱,虫伤,腐烂,,
saltandpepper_Screen Shot 2018-06-07 at 2.58.04 PM.jpg,黑斑,90.7%,0.869,0.00,LOW,黑斑,碰伤,褶皱,,
saltandpepper_Screen Shot 2018-06-08 at 2.40.09 PM.jpg,腐烂,90.6%,0.860,0.00,LOW,腐烂,碰伤,虫伤,,
saltandpepper_Screen Shot 2018-06-07 at 3.03.58 PM.jpg,褶皱,90.6%,0.880,0.00,LOW,褶皱,虫伤,碰伤,,
Screen Shot 2018-06-08 at 2.48.29 PM.jpg,褶皱,90.5%,0.866,0.00,LOW,褶皱,合格,黑斑,,
saltandpepper_Screen Shot 2018-06-08 at 2.47.09 PM.jpg,腐烂,90.3%,0.809,0.00,LOW,腐烂,碰伤,虫伤,,
vertical_flip_Screen Shot 2018-06-07 at 2.43.54 PM.jpg,虫伤,90.3%,0.861,0.00,LOW,虫伤,碰伤,腐烂,,
saltandpepper_Screen Shot 2018-06-08 at 2.26.55 PM.jpg,碰伤,90.1%,0.877,0.00,LOW,碰伤,腐烂,裂果,,
Screen Shot 2018-06-07 at 3.04.10 PM.jpg,褶皱,89.9%,0.805,0.00,LOW,褶皱,虫伤,腐烂,,
Screen Shot 2018-06-08 at 2.25.24 PM.jpg,碰伤,89.9%,0.843,0.00,LOW,碰伤,腐烂,虫伤,,
Screen Shot 2018-06-07 at 3.02.09 PM.jpg,碰伤,89.9%,0.876,0.00,LOW,碰伤,虫伤,腐烂,,
r1_122.jpg,褶皱,89.8%,0.863,0.00,LOW,褶皱,虫伤,裂果,,
Screen Shot 2018-06-08 at 2.37.03 PM.jpg,虫伤,89.8%,0.860,0.00,LOW,虫伤,裂果,褶皱,,
vertical_flip_Screen Shot 2018-06-07 at 3.02.09 PM.jpg,碰伤,89.8%,0.861,0.00,LOW,碰伤,腐烂,合格,,
vertical_flip_Screen Shot 2018-06-07 at 2.57.26 PM.jpg,碰伤,89.7%,0.839,0.00,LOW,碰伤,腐烂,合格,,
saltandpepper_Screen Shot 2018-06-08 at 2.39.51 PM.jpg,虫伤,89.6%,0.842,0.00,LOW,虫伤,碰伤,腐烂,,
vertical_flip_Screen Shot 2018-06-08 at 2.43.54 PM.jpg,碰伤,89.6%,0.862,0.00,LOW,碰伤,合格,腐烂,,
vertical_flip_Screen Shot 2018-06-08 at 2.36.55 PM.jpg,腐烂,89.1%,0.836,0.00,LOW,腐烂,褶皱,合格,,
vertical_flip_Screen Shot 2018-06-07 at 3.03.46 PM.jpg,腐烂,89.0%,0.837,0.00,LOW,腐烂,合格,虫伤,,
saltandpepper_Screen Shot 2018-06-07 at 2.23.02 PM.jpg,黑斑,88.9%,0.857,0.00,LOW,黑斑,碰伤,裂果,,
vertical_flip_Screen Shot 2018-06-07 at 3.05.58 PM.jpg,褶皱,88.8%,0.842,0.00,LOW,褶皱,腐烂,虫伤,,
vertical_flip_Screen Shot 2018-06-07 at 2.52.30 PM.jpg,腐烂,88.7%,0.860,0.00,LOW,腐烂,合格,褶皱,,
Screen Shot 2018-06-07 at 2.54.58 PM.jpg,褶皱,88.7%,0.811,0.00,LOW,褶皱,合格,腐烂,,
saltandpepper_Screen Shot 2018-06-07 at 2.36.06 PM.jpg,褶皱,88.6%,0.816,0.00,LOW,褶皱,腐烂,碰伤,,
Screen Shot 2018-06-07 at 2.57.26 PM.jpg,碰伤,88.6%,0.832,0.00,LOW,碰伤,腐烂,合格,,
Screen Shot 2018-06-07 at 3.03.46 PM.jpg,腐烂,88.4%,0.817,0.00,LOW,腐烂,合格,虫伤,,
saltandpepper_Screen Shot 2018-06-07 at 3.03.46 PM.jpg,腐烂,88.4%,0.850,0.00,LOW,腐烂,合格,褶皱,,
Screen Shot 2018-06-08 at 2.36.55 PM.jpg,腐烂,88.3%,0.829,0.00,LOW,腐烂,褶皱,碰伤,,
vertical_flip_Screen Shot 2018-06-08 at 2.48.00 PM.jpg,褶皱,88.3%,0.830,0.00,LOW,褶皱,黑斑,合格,,
saltandpepper_Screen Shot 2018-06-08 at 2.31.45 PM.jpg,碰伤,88.3%,0.842,0.00,LOW,碰伤,虫伤,裂果,,
Screen Shot 2018-06-08 at 2.41.39 PM.jpg,虫伤,88.2%,0.810,0.00,LOW,虫伤,碰伤,腐烂,,
Screen Shot 2018-06-07 at 2.23.40 PM.jpg,褶皱,88.1%,0.817,0.00,LOW,褶皱,虫伤,合格,,
saltandpepper_Screen Shot 2018-06-08 at 2.45.44 PM.jpg,黑斑,88.0%,0.851,0.00,LOW,黑斑,碰伤,腐烂,,
saltandpepper_Screen Shot 2018-06-08 at 2.50.25 PM.jpg,腐烂,88.0%,0.806,0.00,LOW,腐烂,碰伤,虫伤,,
Screen Shot 2018-06-07 at 2.46.52 PM.jpg,褶皱,87.8%,0.814,0.00,LOW,褶皱,虫伤,合格,,
saltandpepper_Screen Shot 2018-06-08 at 2.30.26 PM.jpg,碰伤,87.8%,0.844,0.00,LOW,碰伤,裂果,合格,,
saltandpepper_Screen Shot 2018-06-08 at 2.48.29 PM.jpg,褶皱,87.5%,0.819,0.00,LOW,褶皱,合格,黑斑,,
saltandpepper_Screen Shot 2018-06-07 at 3.06.11 PM.jpg,碰伤,87.4%,0.807,0.00,LOW,碰伤,腐烂,虫伤,,
vertical_flip_Screen Shot 2018-06-07 at 2.19.46 PM.jpg,碰伤,87.4%,0.804,0.00,LOW,碰伤,合格,虫伤,,
vertical_flip_Screen Shot 2018-06-08 at 2.34.05 PM.jpg,黑斑,86.7%,0.809,0.00,LOW,黑斑,虫伤,合格,,
Screen Shot 2018-06-07 at 3.03.02 PM.jpg,腐烂,86.5%,0.812,0.00,LOW,腐烂,碰伤,褶皱,,
saltandpepper_Screen Shot 2018-06-07 at 2.56.16 PM.jpg,腐烂,86.2%,0.742,0.00,LOW,腐烂,碰伤,合格,,
saltandpepper_Screen Shot 2018-06-07 at 2.43.54 PM.jpg,虫伤,85.8%,0.773,0.00,LOW,虫伤,碰伤,腐烂,,
saltandpepper_Screen Shot 2018-06-07 at 2.41.07 PM.jpg,碰伤,85.7%,0.749,0.00,LOW,碰伤,虫伤,腐烂,,
Screen Shot 2018-06-07 at 2.36.21 PM.jpg,褶皱,85.6%,0.793,0.00,LOW,褶皱,黑斑,腐烂,,
vertical_flip_Screen Shot 2018-06-07 at 2.18.25 PM.jpg,褶皱,85.5%,0.768,0.00,LOW,褶皱,合格,虫伤,,
saltandpepper_Screen Shot 2018-06-07 at 2.47.35 PM.jpg,褶皱,85.5%,0.796,0.00,LOW,褶皱,腐烂,虫伤,,
saltandpepper_Screen Shot 2018-06-07 at 2.46.32 PM.jpg,碰伤,85.2%,0.810,0.00,LOW,碰伤,合格,腐烂,,
Screen Shot 2018-06-08 at 2.49.40 PM.jpg,腐烂,84.8%,0.776,0.00,LOW,腐烂,碰伤,虫伤,,
Screen Shot 2018-06-07 at 2.55.52 PM.jpg,黑斑,84.7%,0.788,0.00,LOW,黑斑,褶皱,碰伤,,
Screen Shot 2018-06-07 at 3.04.24 PM.jpg,褶皱,84.6%,0.788,0.00,LOW,褶皱,合格,虫伤,,
vertical_flip_Screen Shot 2018-06-07 at 2.31.43 PM.jpg,褶皱,84.1%,0.755,0.00,LOW,褶皱,虫伤,合格,,
saltandpepper_Screen Shot 2018-06-07 at 2.56.57 PM.jpg,碰伤,83.9%,0.781,0.00,LOW,碰伤,裂果,腐烂,,
Screen Shot 2018-06-08 at 2.37.24 PM.jpg,合格,83.4%,0.753,0.00,LOW,合格,褶皱,腐烂,,
vertical_flip_Screen Shot 2018-06-07 at 3.00.00 PM.jpg,黑斑,83.2%,0.736,0.00,LOW,黑斑,碰伤,腐烂,,
saltandpepper_Screen Shot 2018-06-07 at 3.04.04 PM.jpg,褶皱,83.1%,0.748,0.00,LOW,褶皱,虫伤,碰伤,,
vertical_flip_Screen Shot 2018-06-07 at 2.55.52 PM.jpg,黑斑,82.9%,0.758,0.00,LOW,黑斑,碰伤,合格,,
Screen Shot 2018-06-08 at 2.34.05 PM.jpg,黑斑,82.8%,0.761,0.00,LOW,黑斑,合格,虫伤,,
Screen Shot 2018-06-07 at 2.58.38 PM.jpg,腐烂,82.8%,0.714,0.00,LOW,腐烂,虫伤,碰伤,,
Screen Shot 2018-06-08 at 2.48.43 PM.jpg,碰伤,82.5%,0.703,0.00,LOW,碰伤,虫伤,合格,,
Screen Shot 2018-06-07 at 2.31.43 PM.jpg,褶皱,82.4%,0.737,0.00,LOW,褶皱,虫伤,合格,,
vertical_flip_Screen Shot 2018-06-08 at 2.40.46 PM.jpg,黑斑,82.3%,0.745,0.00,LOW,黑斑,碰伤,腐烂,,
saltandpepper_Screen Shot 2018-06-08 at 2.24.46 PM.jpg,褶皱,81.2%,0.738,0.00,LOW,褶皱,碰伤,腐烂,,
vertical_flip_Screen Shot 2018-06-07 at 3.03.02 PM.jpg,腐烂,81.2%,0.749,0.00,LOW,腐烂,裂果,碰伤,,
saltandpepper_Screen Shot 2018-06-08 at 2.40.13 PM.jpg,碰伤,81.1%,0.701,0.00,LOW,碰伤,腐烂,虫伤,,
vertical_flip_Screen Shot 2018-06-07 at 2.24.47 PM.jpg,黑斑,81.0%,0.741,0.00,LOW,黑斑,合格,褶皱,,
saltandpepper_Screen Shot 2018-06-08 at 2.28.23 PM.jpg,碰伤,80.8%,0.730,0.00,LOW,碰伤,腐烂,裂果,,
saltandpepper_Screen Shot 2018-06-08 at 2.41.54 PM.jpg,碰伤,79.9%,0.722,0.00,LOW,碰伤,黑斑,虫伤,,
Screen Shot 2018-06-07 at 2.21.09 PM.jpg,褶皱,79.2%,0.725,0.00,LOW,褶皱,黑斑,虫伤,,
saltandpepper_Screen Shot 2018-06-08 at 2.49.40 PM.jpg,腐烂,79.2%,0.653,0.00,LOW,腐烂,碰伤,虫伤,,
saltandpepper_Screen Shot 2018-06-07 at 2.58.17 PM.jpg,褶皱,78.9%,0.732,0.00,LOW,褶皱,黑斑,腐烂,,
vertical_flip_Screen Shot 2018-06-07 at 2.58.38 PM.jpg,腐烂,78.9%,0.661,0.00,LOW,腐烂,虫伤,病变,,
vertical_flip_Screen Shot 2018-06-07 at 2.46.52 PM.jpg,褶皱,78.4%,0.641,0.00,LOW,褶皱,虫伤,腐烂,,
vertical_flip_Screen Shot 2018-06-07 at 2.21.09 PM.jpg,褶皱,78.4%,0.674,0.00,LOW,褶皱,黑斑,虫伤,,
saltandpepper_Screen Shot 2018-06-07 at 2.35.21 PM.jpg,黑斑,78.3%,0.696,0.00,LOW,黑斑,碰伤,病变,,
vertical_flip_Screen Shot 2018-06-08 at 2.27.15 PM.jpg,褶皱,77.8%,0.635,0.00,LOW,褶皱,合格,虫伤,,
saltandpepper_Screen Shot 2018-06-07 at 2.58.30 PM.jpg,碰伤,77.8%,0.698,0.00,LOW,碰伤,黑斑,腐烂,,
Screen Shot 2018-06-07 at 2.59.38 PM.jpg,腐烂,77.7%,0.617,0.00,LOW,腐烂,褶皱,虫伤,,
saltandpepper_Screen Shot 2018-06-08 at 2.29.33 PM.jpg,碰伤,77.4%,0.704,0.00,LOW,碰伤,裂果,褶皱,,
saltandpepper_Screen Shot 2018-06-07 at 2.43.48 PM.jpg,腐烂,76.9%,0.663,0.00,LOW,腐烂,虫伤,碰伤,,
saltandpepper_Screen Shot 2018-06-08 at 2.49.27 PM.jpg,碰伤,76.5%,0.616,0.00,LOW,碰伤,腐烂,裂果,,
saltandpepper_Screen Shot 2018-06-07 at 3.04.24 PM.jpg,褶皱,76.4%,0.676,0.00,LOW,褶皱,碰伤,黑斑,,
Screen Shot 2018-06-07 at 3.00.56 PM.jpg,合格,76.3%,0.701,0.00,LOW,合格,褶皱,黑斑,,
saltandpepper_Screen Shot 2018-06-07 at 2.46.52 PM.jpg,褶皱,75.4%,0.642,0.00,LOW,褶皱,虫伤,腐烂,,
vertical_flip_Screen Shot 2018-06-08 at 2.25.43 PM.jpg,褶皱,74.6%,0.625,0.00,LOW,褶皱,虫伤,合格,,
saltandpepper_Screen Shot 2018-06-07 at 2.18.25 PM.jpg,褶皱,74.3%,0.667,0.00,LOW,褶皱,合格,虫伤,,
vertical_flip_Screen Shot 2018-06-07 at 3.00.56 PM.jpg,合格,74.2%,0.638,0.00,LOW,合格,虫伤,褶皱,,
saltandpepper_Screen Shot 2018-06-07 at 3.06.30 PM.jpg,碰伤,73.4%,0.652,0.00,LOW,碰伤,合格,虫伤,,
vertical_flip_Screen Shot 2018-06-07 at 2.44.51 PM.jpg,褶皱,72.6%,0.510,0.00,LOW,褶皱,合格,碰伤,,
saltandpepper_Screen Shot 2018-06-08 at 2.24.31 PM.jpg,碰伤,71.7%,0.591,0.00,LOW,碰伤,腐烂,虫伤,,
saltandpepper_Screen Shot 2018-06-08 at 2.30.40 PM.jpg,碰伤,71.5%,0.610,0.00,LOW,碰伤,虫伤,合格,,
vertical_flip_Screen Shot 2018-06-07 at 2.53.57 PM.jpg,碰伤,70.8%,0.604,0.00,LOW,碰伤,褶皱,合格,,
Screen Shot 2018-06-08 at 2.24.09 PM.jpg,褶皱,70.8%,0.501,0.00,LOW,褶皱,虫伤,合格,,
Screen Shot 2018-06-07 at 2.57.17 PM.jpg,碰伤,70.2%,0.571,0.00,LOW,碰伤,合格,褶皱,,
